,head_tense,head_mode,sub_tense,sub_mode,rtype,head,sub,head_lead,sub_lead,head_lemma,sub_lemma,head_neg,sub_neg,head_pos,head_dep,sub_pos,sub_dep,head_ent,head_ent_label,sub_ent,sub_ent_label,head_vector_norm,sub_vector_norm,head_vector,sub_vector,head_start,head_end,sub_start,sub_end,sentiment,sent_sentiment,valence,sent_valence,docid,sentid
0,PRESENT,NORMAL,PRESENT,NORMAL,subject-verb,we,imagine,we,imagine,we,imagine,False,False,PRON,nsubj,VERB,ROOT,False,,False,,8.98228,8.072705,"[-0.01047274 -0.8574377  -0.52702713 -0.44709542  0.54570425  2.0744417
 -0.5832398  -0.5594918   1.0645436  -1.4307555   0.79760534  0.9321543
 -1.3349804  -0.16208065  1.3427     -0.16296896  0.8328785   1.8628488
 -0.8855066  -0.11240846  0.37976038 -1.0339704   0.7708807   0.3283732
 -0.7054039  -1.5775574   0.63417095  0.22559947 -0.3790294  -0.78298575
 -0.04079053 -1.298701   -0.439861   -1.0663116  -0.09228462 -0.87584424
 -1.2672033   0.8030034  -1.5837342  -0.6006682  -0.31246918 -0.29811698
 -0.15034589 -1.4322743  -1.261312   -0.8341594   0.710107   -1.0547882
  1.0092492  -1.4069169   0.8262647   1.6528455   1.5275867  -1.0394167
 -0.6534796   1.0709302   0.53181946 -0.17948648  0.5038171  -1.1274977
 -0.06711598  1.5298389   0.96120715 -0.24361983  0.50865906 -0.64929616
  1.2833352  -0.7690165   0.4668132  -1.0110874   0.62517583  1.5834353
  1.7429464   0.5166997  -0.84654033 -1.4304931  -0.56914103 -0.03592151
  0.8160054   1.5510421  -0.09889416 -0.67583454  1.049985    1.5201182
  0.88731027 -0.3629693  -0.21237864  0.3617547  -0.31757027  0.00369191
 -0.29158288 -0.71228325  0.65034616  0.48691192 -0.20488076 -0.52935624]","[-6.20059550e-01 -4.09669578e-01 -3.70585918e-03  2.14740920e+00
  2.99367994e-01  6.73711896e-01  3.54341060e-01  2.15202355e+00
  3.14619392e-01 -8.02567482e-01 -1.64892763e-01  3.77869368e-01
 -3.57913971e-02 -7.16023684e-01 -1.02652416e-01 -3.50175440e-01
 -8.20625663e-01 -4.84425753e-01  7.63536215e-01 -7.84931421e-01
 -4.66084778e-01 -7.98964858e-01 -9.27378237e-01 -1.01686919e+00
 -3.20695788e-01  1.13397086e+00 -6.12666607e-01  5.23418844e-01
 -5.54725468e-01 -8.82534862e-01 -1.18077123e+00 -6.73148215e-01
  9.97379720e-02  3.88470113e-01 -1.50949359e-01 -1.04499531e+00
 -6.67206585e-01 -9.57456946e-01  3.36621785e+00  7.06168175e-01
 -1.20085049e+00 -3.29988480e-01 -2.31333673e-02 -6.80927932e-02
  1.10479045e+00  8.76486301e-03 -1.18133321e-01 -5.34829497e-01
 -2.61697561e-01  1.02097845e+00  8.96081328e-01  3.81740570e-01
  1.19534306e-01 -1.04856193e+00 -1.05893934e+00  5.35449982e-02
 -3.88957232e-01  7.72503972e-01  5.85257530e-01 -1.69561490e-01
  1.00484335e+00  3.14253360e-01 -2.15921432e-01 -2.93371201e-01
  1.22829221e-01 -5.06088018e-01 -1.04462600e+00 -2.95312405e-01
  3.24046701e-01 -3.74405563e-01 -5.89405239e-01 -4.93949130e-02
 -7.13106275e-01  1.19709671e-01  3.14784765e-01  5.13846219e-01
 -1.26244754e-01  2.85886556e-01 -3.47417384e-01  1.17272139e-03
  4.23904955e-01 -7.22615242e-01  2.14437112e-01 -6.58225954e-01
 -5.18201709e-01 -4.94730473e-01  2.79769033e-01 -2.54133716e-02
  2.52934635e-01  2.92486191e+00 -5.64690948e-01  1.01308107e-01
 -3.10300738e-01  6.78368449e-01  2.03426528e+00 -7.40371823e-01]",0,1,1,2,0.0,-0.0775489,0.0,-0.14300000000000002,af1deb3d2cc3cd3c0c32159075f22446,af1deb3d2cc3cd3c0c32159075f22446__0__24
1,PRESENT,NORMAL,PAST,NORMAL,verb-verb,imagine,camped outside,imagine,camped,imagine,camp,False,False,VERB,ROOT,VERB,ccomp,False,,False,,8.072705,5.297538,"[-6.20059550e-01 -4.09669578e-01 -3.70585918e-03  2.14740920e+00
  2.99367994e-01  6.73711896e-01  3.54341060e-01  2.15202355e+00
  3.14619392e-01 -8.02567482e-01 -1.64892763e-01  3.77869368e-01
 -3.57913971e-02 -7.16023684e-01 -1.02652416e-01 -3.50175440e-01
 -8.20625663e-01 -4.84425753e-01  7.63536215e-01 -7.84931421e-01
 -4.66084778e-01 -7.98964858e-01 -9.27378237e-01 -1.01686919e+00
 -3.20695788e-01  1.13397086e+00 -6.12666607e-01  5.23418844e-01
 -5.54725468e-01 -8.82534862e-01 -1.18077123e+00 -6.73148215e-01
  9.97379720e-02  3.88470113e-01 -1.50949359e-01 -1.04499531e+00
 -6.67206585e-01 -9.57456946e-01  3.36621785e+00  7.06168175e-01
 -1.20085049e+00 -3.29988480e-01 -2.31333673e-02 -6.80927932e-02
  1.10479045e+00  8.76486301e-03 -1.18133321e-01 -5.34829497e-01
 -2.61697561e-01  1.02097845e+00  8.96081328e-01  3.81740570e-01
  1.19534306e-01 -1.04856193e+00 -1.05893934e+00  5.35449982e-02
 -3.88957232e-01  7.72503972e-01  5.85257530e-01 -1.69561490e-01
  1.00484335e+00  3.14253360e-01 -2.15921432e-01 -2.93371201e-01
  1.22829221e-01 -5.06088018e-01 -1.04462600e+00 -2.95312405e-01
  3.24046701e-01 -3.74405563e-01 -5.89405239e-01 -4.93949130e-02
 -7.13106275e-01  1.19709671e-01  3.14784765e-01  5.13846219e-01
 -1.26244754e-01  2.85886556e-01 -3.47417384e-01  1.17272139e-03
  4.23904955e-01 -7.22615242e-01  2.14437112e-01 -6.58225954e-01
 -5.18201709e-01 -4.94730473e-01  2.79769033e-01 -2.54133716e-02
  2.52934635e-01  2.92486191e+00 -5.64690948e-01  1.01308107e-01
 -3.10300738e-01  6.78368449e-01  2.03426528e+00 -7.40371823e-01]","[ 0.01414505  0.38943654 -0.22711316 -0.58734524 -0.33117557 -0.5243448
 -0.36285096  0.43319392 -0.45641848 -0.70888764  0.20860505  0.21264763
  1.1372211  -0.45444015  0.1833581   0.2766302   0.01051759 -0.02655941
 -0.29732668 -0.17495067  0.15767114 -0.03270808 -0.06732124 -0.07444215
 -0.55913144  0.03116158 -1.2956184  -0.15533404  0.4066148  -0.33106923
 -0.09830354  0.55429786 -0.16088328  0.51763296 -0.88136035 -0.06733249
  0.9761587   0.4432307   0.4741574  -0.71621704 -1.0525532  -1.021277
  0.02597317 -0.02647975 -0.44112593 -0.50086945 -0.9872088   0.31699982
 -0.31140608  0.89165395 -0.31776345 -0.9025284  -0.16193789  0.4627989
  0.4382695  -0.42424002  0.07846355  0.42582166 -0.2484228  -0.22935082
 -0.6698076   0.44896936 -0.41554147  0.7511981  -0.41451234 -0.12769374
 -0.51405704 -1.0163107  -0.58715653 -0.37623978  0.23047109  0.32315508
 -0.06851763  1.684397    0.4928704   0.8975611   0.3133358   0.01209655
  0.13723254 -0.34551048  0.7710007   0.6555567  -0.01811593 -0.07917891
  0.50227606 -0.92779684 -0.07824848 -0.9232759  -0.04976726  0.48824584
  0.4284764   0.89873105 -0.31064972 -0.21353915  0.0552662   0.50801873]",1,2,10,12,0.0,-0.0775489,0.0,-0.14300000000000002,af1deb3d2cc3cd3c0c32159075f22446,af1deb3d2cc3cd3c0c32159075f22446__0__24
2,PAST,NORMAL,PAST,NORMAL,subject-verb,divisions,camped outside,divisions,camped,division,camp,False,False,NOUN,nsubjpass,VERB,ccomp,False,,False,,6.7752523,5.297538,"[ 0.03917302  0.38560736  0.26177186 -0.45368272  0.09414235 -0.10993534
 -0.580232   -0.74695766 -0.07578041 -0.6515209  -1.2289894  -0.41999915
 -0.2718982   0.09973766 -0.6243307  -0.2139292  -0.45841652 -0.8114632
 -0.3728504   0.28420982 -0.38520345  0.19643815 -0.24460414  0.67964774
 -0.03337842  0.6694488  -0.28155518 -1.2567219   1.068749   -0.21793735
  0.8634641   0.5913569  -0.59264195 -0.10000896 -0.30794063 -1.1501105
  0.29782474 -0.85107625 -1.0896924  -0.85945344  0.8110807   0.23368478
 -0.8963346   0.734785   -0.79895145 -0.4245463   1.2529749  -0.27699548
  2.003981   -0.7884684  -0.3026887   0.468639   -0.1556117  -0.77736485
  0.4711844   0.7267582  -0.83082664 -0.52763337 -0.7728408  -0.27313232
  1.4052657   0.6673617   0.18113716 -0.14494976  0.3848329  -0.30362102
 -0.14779356  0.7733996  -0.09204309 -1.1456823   0.7194016  -0.83059794
  0.05815901  0.49290073 -0.2267381  -0.59883165 -0.9913343   0.05910422
  0.54812217 -0.09116738 -0.6399406  -0.13464926 -0.6016308   1.1276481
  0.6837212   0.52522975  0.5094625  -1.0273309   1.3313038   0.16360243
  1.7555047   0.84866846  0.12878612 -0.66418624 -0.85439855  0.08873323]","[ 0.01414505  0.38943654 -0.22711316 -0.58734524 -0.33117557 -0.5243448
 -0.36285096  0.43319392 -0.45641848 -0.70888764  0.20860505  0.21264763
  1.1372211  -0.45444015  0.1833581   0.2766302   0.01051759 -0.02655941
 -0.29732668 -0.17495067  0.15767114 -0.03270808 -0.06732124 -0.07444215
 -0.55913144  0.03116158 -1.2956184  -0.15533404  0.4066148  -0.33106923
 -0.09830354  0.55429786 -0.16088328  0.51763296 -0.88136035 -0.06733249
  0.9761587   0.4432307   0.4741574  -0.71621704 -1.0525532  -1.021277
  0.02597317 -0.02647975 -0.44112593 -0.50086945 -0.9872088   0.31699982
 -0.31140608  0.89165395 -0.31776345 -0.9025284  -0.16193789  0.4627989
  0.4382695  -0.42424002  0.07846355  0.42582166 -0.2484228  -0.22935082
 -0.6698076   0.44896936 -0.41554147  0.7511981  -0.41451234 -0.12769374
 -0.51405704 -1.0163107  -0.58715653 -0.37623978  0.23047109  0.32315508
 -0.06851763  1.684397    0.4928704   0.8975611   0.3133358   0.01209655
  0.13723254 -0.34551048  0.7710007   0.6555567  -0.01811593 -0.07917891
  0.50227606 -0.92779684 -0.07824848 -0.9232759  -0.04976726  0.48824584
  0.4284764   0.89873105 -0.31064972 -0.21353915  0.0552662   0.50801873]",4,5,10,12,0.0,-0.0775489,0.0,-0.14300000000000002,af1deb3d2cc3cd3c0c32159075f22446,af1deb3d2cc3cd3c0c32159075f22446__0__24
3,PAST,NORMAL,PAST,NORMAL,description,divisions,several,divisions,several,division,several,False,False,NOUN,nsubjpass,ADJ,amod,False,,False,,6.7752523,8.741253,"[ 0.03917302  0.38560736  0.26177186 -0.45368272  0.09414235 -0.10993534
 -0.580232   -0.74695766 -0.07578041 -0.6515209  -1.2289894  -0.41999915
 -0.2718982   0.09973766 -0.6243307  -0.2139292  -0.45841652 -0.8114632
 -0.3728504   0.28420982 -0.38520345  0.19643815 -0.24460414  0.67964774
 -0.03337842  0.6694488  -0.28155518 -1.2567219   1.068749   -0.21793735
  0.8634641   0.5913569  -0.59264195 -0.10000896 -0.30794063 -1.1501105
  0.29782474 -0.85107625 -1.0896924  -0.85945344  0.8110807   0.23368478
 -0.8963346   0.734785   -0.79895145 -0.4245463   1.2529749  -0.27699548
  2.003981   -0.7884684  -0.3026887   0.468639   -0.1556117  -0.77736485
  0.4711844   0.7267582  -0.83082664 -0.52763337 -0.7728408  -0.27313232
  1.4052657   0.6673617   0.18113716 -0.14494976  0.3848329  -0.30362102
 -0.14779356  0.7733996  -0.09204309 -1.1456823   0.7194016  -0.83059794
  0.05815901  0.49290073 -0.2267381  -0.59883165 -0.9913343   0.05910422
  0.54812217 -0.09116738 -0.6399406  -0.13464926 -0.6016308   1.1276481
  0.6837212   0.52522975  0.5094625  -1.0273309   1.3313038   0.16360243
  1.7555047   0.84866846  0.12878612 -0.66418624 -0.85439855  0.08873323]","[-0.4525763  -0.7853476  -0.9396708  -0.94614595  0.32917142  0.72436595
 -1.033518    1.1237582  -0.6823731   1.0464368  -0.64340687 -0.6001579
 -0.53310734  0.8293638  -0.42005366 -0.69721437  0.66708905  0.6605185
  2.5015607   0.69644207 -0.64854324 -1.0182734  -0.8373263   2.2874997
 -0.47420192 -1.3230103   0.6228449   1.0761144   0.2243557   0.11497661
  0.11282015  0.10098897 -0.50962675 -0.03930484 -0.22395009  1.2603114
 -0.6202074   0.5000059   0.2457628   0.21166362 -0.43311685 -1.99377
  0.7380181  -0.597667   -0.7641082   0.281078   -0.13439718  0.04241344
  0.42424345  0.02569293  1.4059671  -1.4973156  -0.731692   -0.75344956
  0.08425128  0.8216999   0.15278134 -0.5241943  -0.2199734   1.8119795
 -0.6037145  -0.64222443  1.9110844   0.6971031   1.7397504  -1.1652281
  0.7285595  -0.5591076  -0.07640077 -1.1172552  -0.45741123 -0.72239256
  0.67127246  0.30119348  1.4892778  -1.2551049   0.12676124 -1.1568768
  1.25594    -0.699558   -0.3237034  -0.59770924 -1.4591625  -0.7493033
 -0.24279128 -0.07158183 -0.32621795 -0.3130529  -0.4185888   0.9108
  1.3241055   0.63885975  1.4468317   0.80836546 -0.14123502 -0.9020914 ]",4,5,3,4,0.0,-0.0775489,0.0,-0.14300000000000002,af1deb3d2cc3cd3c0c32159075f22446,af1deb3d2cc3cd3c0c32159075f22446__0__24
4,PAST,NORMAL,PAST,NORMAL,noun-noun,divisions,army,divisions,army,division,army,False,False,NOUN,nsubjpass,NOUN,pobj,False,,False,,6.7752523,6.778314,"[ 0.03917302  0.38560736  0.26177186 -0.45368272  0.09414235 -0.10993534
 -0.580232   -0.74695766 -0.07578041 -0.6515209  -1.2289894  -0.41999915
 -0.2718982   0.09973766 -0.6243307  -0.2139292  -0.45841652 -0.8114632
 -0.3728504   0.28420982 -0.38520345  0.19643815 -0.24460414  0.67964774
 -0.03337842  0.6694488  -0.28155518 -1.2567219   1.068749   -0.21793735
  0.8634641   0.5913569  -0.59264195 -0.10000896 -0.30794063 -1.1501105
  0.29782474 -0.85107625 -1.0896924  -0.85945344  0.8110807   0.23368478
 -0.8963346   0.734785   -0.79895145 -0.4245463   1.2529749  -0.27699548
  2.003981   -0.7884684  -0.3026887   0.468639   -0.1556117  -0.77736485
  0.4711844   0.7267582  -0.83082664 -0.52763337 -0.7728408  -0.27313232
  1.4052657   0.6673617   0.18113716 -0.14494976  0.3848329  -0.30362102
 -0.14779356  0.7733996  -0.09204309 -1.1456823   0.7194016  -0.83059794
  0.05815901  0.49290073 -0.2267381  -0.59883165 -0.9913343   0.05910422
  0.54812217 -0.09116738 -0.6399406  -0.13464926 -0.6016308   1.1276481
  0.6837212   0.52522975  0.5094625  -1.0273309   1.3313038   0.16360243
  1.7555047   0.84866846  0.12878612 -0.66418624 -0.85439855  0.08873323]","[ 0.09417687  1.4894927   0.26303646  0.19102025 -0.12626392  0.73088497
 -0.76462793 -0.10943407  0.47429898 -0.42174095 -0.81368077 -0.9085442
 -0.26044407 -0.5860815   0.04641369  0.53315645 -0.73535144 -0.19299823
 -0.3589121  -0.3482754  -0.3449076   0.44296116  1.3996074   0.13592792
 -0.03961962 -0.5244092  -0.37120155 -0.86805844  0.15894182  0.04402533
  1.7150553  -0.831843   -0.21226555  0.96752745  0.39264002 -0.22788315
 -0.60369945  0.39545816 -0.44564873 -0.30893484 -0.7349085   0.13352114
  0.2971573  -0.02694827 -0.943794   -1.1727726  -0.3292131  -0.32644352
  2.6015754   0.22894923  0.33073533 -0.00823379 -1.1762729   0.05916844
  0.12111241  0.53976715  0.04869132 -0.201354   -0.7083566  -0.2803192
  1.2365083  -0.44488102  1.095933   -0.75350165 -1.1447128   0.17694059
 -0.15030584 -0.33132884  0.7857435  -0.5269633   0.52874404  0.00940138
  0.47817162 -0.04935145 -0.27783436 -1.316807   -0.8881085   0.18119939
  0.04048592 -0.6138259  -0.17088528  1.2706095  -0.4707005   0.39557585
 -0.5049483  -0.09243319  1.3395684  -1.4464195  -0.24563472  0.24047072
 -0.06887684  0.892809    0.9001666  -0.28751728 -0.0230214  -0.42396653]",4,5,8,9,0.0,-0.0775489,0.0,-0.14300000000000002,af1deb3d2cc3cd3c0c32159075f22446,af1deb3d2cc3cd3c0c32159075f22446__0__24
5,PAST,NORMAL,PAST,NORMAL,description,army,byzantine,army,byzantine,army,byzantine,False,False,NOUN,pobj,ADJ,amod,False,,True,NORP,6.778314,7.534074,"[ 0.09417687  1.4894927   0.26303646  0.19102025 -0.12626392  0.73088497
 -0.76462793 -0.10943407  0.47429898 -0.42174095 -0.81368077 -0.9085442
 -0.26044407 -0.5860815   0.04641369  0.53315645 -0.73535144 -0.19299823
 -0.3589121  -0.3482754  -0.3449076   0.44296116  1.3996074   0.13592792
 -0.03961962 -0.5244092  -0.37120155 -0.86805844  0.15894182  0.04402533
  1.7150553  -0.831843   -0.21226555  0.96752745  0.39264002 -0.22788315
 -0.60369945  0.39545816 -0.44564873 -0.30893484 -0.7349085   0.13352114
  0.2971573  -0.02694827 -0.943794   -1.1727726  -0.3292131  -0.32644352
  2.6015754   0.22894923  0.33073533 -0.00823379 -1.1762729   0.05916844
  0.12111241  0.53976715  0.04869132 -0.201354   -0.7083566  -0.2803192
  1.2365083  -0.44488102  1.095933   -0.75350165 -1.1447128   0.17694059
 -0.15030584 -0.33132884  0.7857435  -0.5269633   0.52874404  0.00940138
  0.47817162 -0.04935145 -0.27783436 -1.316807   -0.8881085   0.18119939
  0.04048592 -0.6138259  -0.17088528  1.2706095  -0.4707005   0.39557585
 -0.5049483  -0.09243319  1.3395684  -1.4464195  -0.24563472  0.24047072
 -0.06887684  0.892809    0.9001666  -0.28751728 -0.0230214  -0.42396653]","[ 0.29310542  0.9687933  -0.26680475 -1.7086222   1.5016971  -0.02375245
  0.297422    0.5629915  -0.4503039  -0.01861165  1.2758104  -0.6004504
 -0.31568807  1.1767597   0.08676416  0.20389007 -0.7455647   0.41164
  1.3787888   1.4098102  -1.540131    0.22152346  0.58751345 -0.63140535
  0.27861494 -0.7207831  -0.5137803   0.17885365  0.2665031  -0.2590389
  0.4046143   0.5130467  -0.4867577  -0.17821647  0.5184152  -0.18293129
 -0.13638043  0.7745949  -0.5072749   1.1756698  -1.0393171  -0.22510011
  1.3970573  -0.74500537 -0.57474446  1.5012481  -0.9659277  -0.44488928
  0.98682714 -0.12121184  0.8913229  -0.49426222 -1.4342798  -0.82459503
  0.643649    0.6537016  -0.08007084  0.05382341 -0.9810335  -0.1996021
 -0.43152487 -0.41935652  0.08115678  0.38925818 -0.2796341  -0.1249412
 -0.03120911 -0.93523157 -0.70042646 -1.3665411  -0.58089477  0.04760276
 -0.41696367  0.21064788 -0.21966366 -1.1897563  -0.65933365 -1.0580966
  0.4755077  -1.1154454  -0.85339236 -0.37780014  0.41094357 -0.23602542
 -0.9159336  -0.43111515  0.5001557  -0.3943405  -0.48890907 -0.04588735
  1.4165342   0.53837913  2.2492473   0.7290859  -0.8624269   0.18144658]",8,9,7,8,0.0,-0.0775489,0.0,-0.14300000000000002,af1deb3d2cc3cd3c0c32159075f22446,af1deb3d2cc3cd3c0c32159075f22446__0__24
6,PAST,NORMAL,PAST,NORMAL,verb-object,camped outside,enemy city,camped,enemy city,camp,enemy city,False,False,VERB,ccomp,NOUN,pobj,False,,False,,5.297538,5.8299255,"[ 0.01414505  0.38943654 -0.22711316 -0.58734524 -0.33117557 -0.5243448
 -0.36285096  0.43319392 -0.45641848 -0.70888764  0.20860505  0.21264763
  1.1372211  -0.45444015  0.1833581   0.2766302   0.01051759 -0.02655941
 -0.29732668 -0.17495067  0.15767114 -0.03270808 -0.06732124 -0.07444215
 -0.55913144  0.03116158 -1.2956184  -0.15533404  0.4066148  -0.33106923
 -0.09830354  0.55429786 -0.16088328  0.51763296 -0.88136035 -0.06733249
  0.9761587   0.4432307   0.4741574  -0.71621704 -1.0525532  -1.021277
  0.02597317 -0.02647975 -0.44112593 -0.50086945 -0.9872088   0.31699982
 -0.31140608  0.89165395 -0.31776345 -0.9025284  -0.16193789  0.4627989
  0.4382695  -0.42424002  0.07846355  0.42582166 -0.2484228  -0.22935082
 -0.6698076   0.44896936 -0.41554147  0.7511981  -0.41451234 -0.12769374
 -0.51405704 -1.0163107  -0.58715653 -0.37623978  0.23047109  0.32315508
 -0.06851763  1.684397    0.4928704   0.8975611   0.3133358   0.01209655
  0.13723254 -0.34551048  0.7710007   0.6555567  -0.01811593 -0.07917891
  0.50227606 -0.92779684 -0.07824848 -0.9232759  -0.04976726  0.48824584
  0.4284764   0.89873105 -0.31064972 -0.21353915  0.0552662   0.50801873]","[ 2.3979220e-01  4.9073210e-01 -2.3202837e-01 -1.3897090e-01
  4.7350758e-01  1.1274573e-01 -1.2532012e-01  1.8409207e-01
 -3.5136604e-01 -1.5032712e-01 -3.0022714e-01 -5.4388416e-01
  3.8423634e-01  8.5773416e-02  4.6350497e-01  5.0834280e-01
 -5.4298168e-01 -3.5847858e-01  2.3120995e-01  1.3373873e-01
  5.4829165e-02 -5.5050635e-01 -4.4937277e-01 -3.5563058e-01
 -1.1213204e-01 -2.7510515e-01 -1.4367409e+00 -1.1003337e+00
 -2.2973356e-01 -3.1785342e-01  1.2539587e+00  5.5146664e-03
  4.0033641e-01  1.1825183e-01  1.3119119e-01  1.1710484e+00
 -6.5284914e-01  2.6590890e-01 -2.0668739e-01  6.3103426e-01
 -1.3297781e+00 -2.3350114e-01  7.9248917e-01  4.6834514e-01
 -2.0198795e-01  2.3650342e-01  4.5005482e-01 -3.3126989e-01
  1.8910539e+00  7.7744091e-01  4.8691472e-01 -6.5387458e-02
 -5.8332920e-02 -7.9253948e-01  6.7683607e-03  4.5107222e-01
 -7.3661542e-01 -1.2399331e-02 -3.2812321e-01 -9.6352160e-01
 -7.0698507e-02 -7.5561994e-01 -1.4236635e-01 -2.8564501e-01
 -1.3398941e-01  4.5179352e-01  9.1289848e-01 -8.5732585e-01
  2.0736492e-01 -1.0156739e+00 -1.8383580e-01 -6.8384039e-01
 -1.0795383e-01  2.9131770e-04 -2.5499314e-03 -5.4045784e-01
 -1.1663685e+00 -2.8414130e-03  1.0236018e+00 -2.1777345e-01
  6.3251829e-01  9.2122769e-01  7.7976567e-01  5.8907163e-01
 -3.5712001e-01 -5.2681017e-01  8.6308467e-01 -8.3871973e-01
 -5.6560725e-01 -3.6632448e-01 -9.0948951e-01  8.9439106e-01
  2.1037710e-01  2.8466105e-01 -6.8401241e-01 -1.8227354e-02]",10,12,13,15,-0.2532541,-0.0775489,-0.467,-0.14300000000000002,af1deb3d2cc3cd3c0c32159075f22446,af1deb3d2cc3cd3c0c32159075f22446__0__24
7,PAST,NORMAL,PAST,NORMAL,compound,enemy,city,enemy,city,enemy,city,False,False,NOUN,compound,NOUN,pobj,False,,False,,7.3447375,6.294741,"[ 0.5699616   0.7359613   0.13951789 -0.2413792   0.9838687  -0.09043902
 -0.23169228  0.46303713 -0.46799535 -0.46444523  0.16191924 -0.86963516
  0.8314929   0.15415351  0.9921136   0.61877185 -0.43741205  0.31403774
  0.25229013  0.90767086 -0.15686485 -0.87630504 -0.34784985 -0.10873626
 -0.14154494 -0.45142132 -1.882621   -1.1115218   0.05925554 -0.51069874
  1.2816917   0.4818635   0.5103847   0.15670806  0.54405105  1.7590258
 -0.69495344  0.12364697 -0.03894728  0.42826992 -1.5646391  -0.5936562
  1.5539639   0.04808934 -0.11980571  0.6372183  -0.00257123 -0.45205852
  1.2584391   0.596795    0.87110555 -0.644264   -0.35096803 -1.1478492
  0.23147064  0.9130748  -0.5621097   0.1738067  -0.22281888 -0.55269855
 -0.19322756 -0.9626708  -1.4206543   0.40346596  0.00713934  0.498637
  1.2910463  -0.8646967   0.0273551  -0.46881497 -0.48486638 -0.79235697
 -0.5691817  -0.37820905  0.33425623 -0.8069145  -1.0592756  -0.9758576
  1.3896809  -0.09750691  0.55868804  1.0305021   1.0209059   0.8805232
 -0.3237101  -0.7463734   0.6379738  -1.3232149  -0.64572406 -1.1342676
 -1.0752652   0.8300337   0.32652327  0.24363743 -0.9525355  -0.31243044]","[-0.09037723  0.24550287 -0.60357463 -0.03656258 -0.03685358  0.3159305
 -0.01894796 -0.094853   -0.23473677  0.16379102 -0.7623735  -0.21813317
 -0.06302024  0.01739332 -0.06510364  0.39791375 -0.64855134 -1.0309949
  0.21012977 -0.6401934   0.26652318 -0.22470772 -0.5508957  -0.6025249
 -0.08271915 -0.09878896 -0.9908608  -1.0891454  -0.51872265 -0.1250081
  1.2262257  -0.47083417  0.29028815  0.0797956  -0.28166866  0.58307105
 -0.61074483  0.40817082 -0.3744275   0.83379865 -1.094917    0.12665391
  0.03101447  0.88860095 -0.28417018 -0.16421145  0.9026809  -0.21048126
  2.5236688   0.95808685  0.10272389  0.51348907  0.2343022  -0.4372297
 -0.21793392 -0.01093036 -0.91112113 -0.19860536 -0.43342757 -1.3743447
  0.05183055 -0.5485691   1.1359216  -0.974756   -0.27511817  0.40495005
  0.5347507  -0.849955    0.38737473 -1.5625328   0.11719479 -0.5753238
  0.35327402  0.3787917  -0.3393561  -0.27400115 -1.2734615   0.9701748
  0.65752256 -0.33804     0.7063486   0.81195337  0.5386255   0.29762
 -0.3905299  -0.30724698  1.0881956  -0.3542245  -0.48549047  0.40161863
 -0.74371386  0.95874834  0.09423093  0.32568467 -0.41548935  0.27597573]",13,14,14,15,-0.4219094,-0.0775489,-0.7779999999999999,-0.14300000000000002,af1deb3d2cc3cd3c0c32159075f22446,af1deb3d2cc3cd3c0c32159075f22446__0__24
8,PAST,NORMAL,PAST,NORMAL,compound,city,enemy,city,enemy,city,enemy,False,False,NOUN,pobj,NOUN,compound,False,,False,,6.294741,7.3447375,"[-0.09037723  0.24550287 -0.60357463 -0.03656258 -0.03685358  0.3159305
 -0.01894796 -0.094853   -0.23473677  0.16379102 -0.7623735  -0.21813317
 -0.06302024  0.01739332 -0.06510364  0.39791375 -0.64855134 -1.0309949
  0.21012977 -0.6401934   0.26652318 -0.22470772 -0.5508957  -0.6025249
 -0.08271915 -0.09878896 -0.9908608  -1.0891454  -0.51872265 -0.1250081
  1.2262257  -0.47083417  0.29028815  0.0797956  -0.28166866  0.58307105
 -0.61074483  0.40817082 -0.3744275   0.83379865 -1.094917    0.12665391
  0.03101447  0.88860095 -0.28417018 -0.16421145  0.9026809  -0.21048126
  2.5236688   0.95808685  0.10272389  0.51348907  0.2343022  -0.4372297
 -0.21793392 -0.01093036 -0.91112113 -0.19860536 -0.43342757 -1.3743447
  0.05183055 -0.5485691   1.1359216  -0.974756   -0.27511817  0.40495005
  0.5347507  -0.849955    0.38737473 -1.5625328   0.11719479 -0.5753238
  0.35327402  0.3787917  -0.3393561  -0.27400115 -1.2734615   0.9701748
  0.65752256 -0.33804     0.7063486   0.81195337  0.5386255   0.29762
 -0.3905299  -0.30724698  1.0881956  -0.3542245  -0.48549047  0.40161863
 -0.74371386  0.95874834  0.09423093  0.32568467 -0.41548935  0.27597573]","[ 0.5699616   0.7359613   0.13951789 -0.2413792   0.9838687  -0.09043902
 -0.23169228  0.46303713 -0.46799535 -0.46444523  0.16191924 -0.86963516
  0.8314929   0.15415351  0.9921136   0.61877185 -0.43741205  0.31403774
  0.25229013  0.90767086 -0.15686485 -0.87630504 -0.34784985 -0.10873626
 -0.14154494 -0.45142132 -1.882621   -1.1115218   0.05925554 -0.51069874
  1.2816917   0.4818635   0.5103847   0.15670806  0.54405105  1.7590258
 -0.69495344  0.12364697 -0.03894728  0.42826992 -1.5646391  -0.5936562
  1.5539639   0.04808934 -0.11980571  0.6372183  -0.00257123 -0.45205852
  1.2584391   0.596795    0.87110555 -0.644264   -0.35096803 -1.1478492
  0.23147064  0.9130748  -0.5621097   0.1738067  -0.22281888 -0.55269855
 -0.19322756 -0.9626708  -1.4206543   0.40346596  0.00713934  0.498637
  1.2910463  -0.8646967   0.0273551  -0.46881497 -0.48486638 -0.79235697
 -0.5691817  -0.37820905  0.33425623 -0.8069145  -1.0592756  -0.9758576
  1.3896809  -0.09750691  0.55868804  1.0305021   1.0209059   0.8805232
 -0.3237101  -0.7463734   0.6379738  -1.3232149  -0.64572406 -1.1342676
 -1.0752652   0.8300337   0.32652327  0.24363743 -0.9525355  -0.31243044]",14,15,13,14,-0.4219094,-0.0775489,-0.7779999999999999,-0.14300000000000002,af1deb3d2cc3cd3c0c32159075f22446,af1deb3d2cc3cd3c0c32159075f22446__0__24
9,PAST,NORMAL,PAST,NORMAL,verb-verb,camped outside,commanded,camped,commanded,camp,command,False,False,VERB,ccomp,VERB,advcl,False,,False,,5.297538,8.354316,"[ 0.01414505  0.38943654 -0.22711316 -0.58734524 -0.33117557 -0.5243448
 -0.36285096  0.43319392 -0.45641848 -0.70888764  0.20860505  0.21264763
  1.1372211  -0.45444015  0.1833581   0.2766302   0.01051759 -0.02655941
 -0.29732668 -0.17495067  0.15767114 -0.03270808 -0.06732124 -0.07444215
 -0.55913144  0.03116158 -1.2956184  -0.15533404  0.4066148  -0.33106923
 -0.09830354  0.55429786 -0.16088328  0.51763296 -0.88136035 -0.06733249
  0.9761587   0.4432307   0.4741574  -0.71621704 -1.0525532  -1.021277
  0.02597317 -0.02647975 -0.44112593 -0.50086945 -0.9872088   0.31699982
 -0.31140608  0.89165395 -0.31776345 -0.9025284  -0.16193789  0.4627989
  0.4382695  -0.42424002  0.07846355  0.42582166 -0.2484228  -0.22935082
 -0.6698076   0.44896936 -0.41554147  0.7511981  -0.41451234 -0.12769374
 -0.51405704 -1.0163107  -0.58715653 -0.37623978  0.23047109  0.32315508
 -0.06851763  1.684397    0.4928704   0.8975611   0.3133358   0.01209655
  0.13723254 -0.34551048  0.7710007   0.6555567  -0.01811593 -0.07917891
  0.50227606 -0.92779684 -0.07824848 -0.9232759  -0.04976726  0.48824584
  0.4284764   0.89873105 -0.31064972 -0.21353915  0.0552662   0.50801873]","[ 0.21599543  0.5007797   0.5791854   0.5195074  -0.11198184 -0.701368
 -0.59820545 -0.35077798 -1.1223875   0.409929    1.5051501   0.49495092
 -0.71924037 -0.7147878   0.7284223   0.15845841 -0.85335505 -0.5962081
  2.603921   -0.6362834   0.25129095  0.71653044 -0.5883352  -1.1080598
 -0.7767557  -0.4099909   0.4631734   1.0537152   0.3511115  -0.8563899
 -0.4405754   1.8263625  -0.85870373 -0.14795429 -1.6541905  -0.08839834
 -0.01695129  1.2459928  -0.370718    0.15347522 -1.0044761  -0.6068622
 -0.7015425   0.6227947   0.9400263  -0.70715106  0.32088208  1.5054204
 -1.7325587   0.94089746  0.41928822 -1.502409   -0.34033215 -0.31330016
 -0.43385157  0.90865284 -0.33035085 -0.3392247  -0.61411995 -1.0206453
  0.04419242 -0.324541    0.18188502 -0.13556227 -0.59365064  1.6623576
 -0.06429958  0.48621053 -0.17416999 -1.6394966   0.49824458 -0.8174349
  0.17966309 -0.5154062  -0.74749416  0.06680605  0.21754187  0.02501947
  0.3710671  -0.42545134  0.28316414 -0.81824994  1.2409317   0.28904873
  0.08757254 -0.97486854  0.18721019 -0.7713228  -0.29096663  3.3546488
  0.34746265  0.71806073 -0.5873762   0.4457263   0.11349314 -0.44002807]",10,12,18,19,-0.1805859,-0.0775489,-0.33299999999999996,-0.14300000000000002,af1deb3d2cc3cd3c0c32159075f22446,af1deb3d2cc3cd3c0c32159075f22446__0__24
10,PAST,NORMAL,PAST,NORMAL,subject-verb,division,commanded,division,commanded,division,command,False,False,NOUN,nsubj,VERB,advcl,False,,False,,7.452528,8.354316,"[-0.433999    1.0027874   1.0916032  -0.34414342 -0.5681636   0.6607359
  0.6345959   0.20787787  0.49807096 -0.52255815 -0.70727265 -0.91787434
 -0.18228349 -0.7915489  -0.07870029 -0.20168066  0.52846783 -0.0183222
  0.35418043 -0.1235141   0.01890644 -0.17423525  1.2556393   0.01043928
  0.21365148  0.4479253   0.2806571  -0.59431255  0.633312   -0.76962656
  1.9095653  -0.87459946  0.16792679 -0.8046075   0.3774984   0.10950172
 -0.34713292 -0.5650882   0.01351106  0.4823929  -1.3804344  -0.80218244
  0.6322626   0.4125854  -0.4096188  -0.30286735  1.1139514   0.32672894
  2.4746008   0.75894374 -0.5213574   0.5628153  -0.69624215 -0.5715784
  0.05002037  1.0411984  -0.65349483  0.26720423  0.56941396 -0.09242252
  0.20306984  0.1946283   0.33630252  0.64262545 -0.9865267  -1.0341276
 -1.1401765   0.35642904  0.07435514 -1.4319749   1.7666409  -1.038549
  1.635778   -0.15613379  0.13758524 -1.1499606  -0.82309294 -0.27668768
 -0.40955028 -1.1106043   0.24898863 -0.21489093  0.50725865  1.3490796
 -0.2668429  -0.7982559   0.98300403 -1.8091619  -0.38266948 -0.28862682
 -0.40756014 -0.16293262 -0.16628411 -0.09478225  0.58768535 -0.66188926]","[ 0.21599543  0.5007797   0.5791854   0.5195074  -0.11198184 -0.701368
 -0.59820545 -0.35077798 -1.1223875   0.409929    1.5051501   0.49495092
 -0.71924037 -0.7147878   0.7284223   0.15845841 -0.85335505 -0.5962081
  2.603921   -0.6362834   0.25129095  0.71653044 -0.5883352  -1.1080598
 -0.7767557  -0.4099909   0.4631734   1.0537152   0.3511115  -0.8563899
 -0.4405754   1.8263625  -0.85870373 -0.14795429 -1.6541905  -0.08839834
 -0.01695129  1.2459928  -0.370718    0.15347522 -1.0044761  -0.6068622
 -0.7015425   0.6227947   0.9400263  -0.70715106  0.32088208  1.5054204
 -1.7325587   0.94089746  0.41928822 -1.502409   -0.34033215 -0.31330016
 -0.43385157  0.90865284 -0.33035085 -0.3392247  -0.61411995 -1.0206453
  0.04419242 -0.324541    0.18188502 -0.13556227 -0.59365064  1.6623576
 -0.06429958  0.48621053 -0.17416999 -1.6394966   0.49824458 -0.8174349
  0.17966309 -0.5154062  -0.74749416  0.06680605  0.21754187  0.02501947
  0.3710671  -0.42545134  0.28316414 -0.81824994  1.2409317   0.28904873
  0.08757254 -0.97486854  0.18721019 -0.7713228  -0.29096663  3.3546488
  0.34746265  0.71806073 -0.5873762   0.4457263   0.11349314 -0.44002807]",17,18,18,19,0.0,-0.0775489,0.0,-0.14300000000000002,af1deb3d2cc3cd3c0c32159075f22446,af1deb3d2cc3cd3c0c32159075f22446__0__24
11,PAST,NORMAL,PAST,NORMAL,verb-object,commanded,general,commanded,general,command,general,False,False,VERB,advcl,NOUN,pobj,False,,False,,8.354316,7.3906,"[ 0.21599543  0.5007797   0.5791854   0.5195074  -0.11198184 -0.701368
 -0.59820545 -0.35077798 -1.1223875   0.409929    1.5051501   0.49495092
 -0.71924037 -0.7147878   0.7284223   0.15845841 -0.85335505 -0.5962081
  2.603921   -0.6362834   0.25129095  0.71653044 -0.5883352  -1.1080598
 -0.7767557  -0.4099909   0.4631734   1.0537152   0.3511115  -0.8563899
 -0.4405754   1.8263625  -0.85870373 -0.14795429 -1.6541905  -0.08839834
 -0.01695129  1.2459928  -0.370718    0.15347522 -1.0044761  -0.6068622
 -0.7015425   0.6227947   0.9400263  -0.70715106  0.32088208  1.5054204
 -1.7325587   0.94089746  0.41928822 -1.502409   -0.34033215 -0.31330016
 -0.43385157  0.90865284 -0.33035085 -0.3392247  -0.61411995 -1.0206453
  0.04419242 -0.324541    0.18188502 -0.13556227 -0.59365064  1.6623576
 -0.06429958  0.48621053 -0.17416999 -1.6394966   0.49824458 -0.8174349
  0.17966309 -0.5154062  -0.74749416  0.06680605  0.21754187  0.02501947
  0.3710671  -0.42545134  0.28316414 -0.81824994  1.2409317   0.28904873
  0.08757254 -0.97486854  0.18721019 -0.7713228  -0.29096663  3.3546488
  0.34746265  0.71806073 -0.5873762   0.4457263   0.11349314 -0.44002807]","[-0.65662295  0.35992056  0.2279394   1.1910797  -0.21087307 -0.32363123
 -0.8540137  -0.21969652 -0.04344875 -0.3055125  -0.45733732 -0.2746958
 -0.51276916  0.43433285  0.07839841 -0.19968575  0.09917506 -0.5909078
 -0.67029345  0.40357283  0.70861566  0.10764685  1.051359    1.2888088
 -0.42495364 -1.5351473  -0.6357837   0.5215631  -0.30311477 -0.17663041
  0.73574793 -1.8915293   1.3517592   1.0717924   0.16537294 -0.8622518
 -0.36865926  1.0498434  -0.06550799  0.6677725  -1.0941082  -0.6845504
  0.2960031   1.5025353  -0.24193925 -0.38721463  0.77230346 -0.75785273
  1.5560479   0.1626765   0.02771531  0.7603591  -1.5428259  -0.7003517
  0.13661075  0.09818771 -1.20735    -0.655832   -0.4307422  -1.2504613
 -0.8977415  -0.7079482   0.3333652  -1.0349529  -0.15762468 -0.17467329
  0.22870165 -0.9939208  -0.7309784  -0.6431233  -0.11779398 -0.11561194
  0.5237262   0.5184326   0.1126905   0.27848768 -0.9094697   1.3536545
  0.8196945  -0.5725145   1.1124729   0.8177216   0.5354765   0.29000738
 -0.7244276  -0.2523426   0.48883247 -0.58222985 -0.8065822   1.1309606
  0.10273619  1.4951622   1.3031276  -0.21500394 -0.5235175  -0.4471874 ]",18,19,22,23,0.0,-0.0775489,0.0,-0.14300000000000002,af1deb3d2cc3cd3c0c32159075f22446,af1deb3d2cc3cd3c0c32159075f22446__0__24
12,PAST,NORMAL,PAST,NORMAL,description,general,own,general,own,general,own,False,False,NOUN,pobj,ADJ,amod,False,,False,,7.3906,8.624823,"[-0.65662295  0.35992056  0.2279394   1.1910797  -0.21087307 -0.32363123
 -0.8540137  -0.21969652 -0.04344875 -0.3055125  -0.45733732 -0.2746958
 -0.51276916  0.43433285  0.07839841 -0.19968575  0.09917506 -0.5909078
 -0.67029345  0.40357283  0.70861566  0.10764685  1.051359    1.2888088
 -0.42495364 -1.5351473  -0.6357837   0.5215631  -0.30311477 -0.17663041
  0.73574793 -1.8915293   1.3517592   1.0717924   0.16537294 -0.8622518
 -0.36865926  1.0498434  -0.06550799  0.6677725  -1.0941082  -0.6845504
  0.2960031   1.5025353  -0.24193925 -0.38721463  0.77230346 -0.75785273
  1.5560479   0.1626765   0.02771531  0.7603591  -1.5428259  -0.7003517
  0.13661075  0.09818771 -1.20735    -0.655832   -0.4307422  -1.2504613
 -0.8977415  -0.7079482   0.3333652  -1.0349529  -0.15762468 -0.17467329
  0.22870165 -0.9939208  -0.7309784  -0.6431233  -0.11779398 -0.11561194
  0.5237262   0.5184326   0.1126905   0.27848768 -0.9094697   1.3536545
  0.8196945  -0.5725145   1.1124729   0.8177216   0.5354765   0.29000738
 -0.7244276  -0.2523426   0.48883247 -0.58222985 -0.8065822   1.1309606
  0.10273619  1.4951622   1.3031276  -0.21500394 -0.5235175  -0.4471874 ]","[-0.720233    0.96993357 -0.10316734  0.13908869  0.19727618 -0.67027426
 -0.81994915  0.8706013  -0.88451886  0.9291004  -0.03989242 -0.14324188
  0.1026457   0.05944007  0.6624782  -1.3688735   0.10613883 -0.29823074
  1.8266997   0.78457475 -0.04411381 -0.81722826  0.9200068   0.92292416
  0.10095996 -0.96688855 -0.37842607  0.9021219  -0.2781981  -0.12027989
 -0.80487394 -0.81467354  1.0323999   0.03732395 -0.32355082  0.4610017
 -0.08292732  0.9763272  -0.12105606  2.1031857  -0.8331137  -0.8473377
  1.809637   -0.8995925  -0.7296754   1.3668814  -0.692412    1.1707592
 -0.6487348  -0.5659075   1.1437727  -0.77159274 -1.4531959  -0.61788774
  0.20883517  0.01239276 -0.48979545 -0.37225986 -0.66122913  0.24914579
 -0.53494084 -0.71316147  2.2691486   0.11252928  1.6203768  -0.33392915
 -0.06215473 -1.1114534  -0.32657003 -0.19367084 -0.2865324  -0.9427563
  0.5088483  -0.18589328  0.9400686  -0.5449005  -0.8025652  -0.53810066
  0.11761838 -1.2540193  -0.35173553  0.8157165   0.28772664  0.17941767
 -0.17227732 -0.05638261 -0.69699216 -0.49439222 -0.18696135 -1.5778373
  1.6129615   1.5739117   2.8782773  -0.2789544  -1.2036567  -0.7389562 ]",22,23,21,22,0.0,-0.0775489,0.0,-0.14300000000000002,af1deb3d2cc3cd3c0c32159075f22446,af1deb3d2cc3cd3c0c32159075f22446__0__24
13,PRESENT,NORMAL,PRESENT,NORMAL,subject-verb,generals,communicate with,generals,communicate,general,communicate,False,False,NOUN,nsubj,VERB,ROOT,False,,False,,7.492347,5.297893,"[ 0.7634659   0.5667034   0.6706126  -0.58163834 -0.5676427  -0.03192823
 -0.19322474 -0.05199671  0.01910828 -0.4272585  -0.8784621  -0.8940842
 -0.9613941  -1.2723882  -0.5147605  -0.06720233 -1.088839   -0.3754275
 -0.5163135   0.00557734 -0.5970147   0.8856878   1.8256087   0.6244782
  0.9442279  -0.6327991   0.22204453 -1.2428738   0.5890041  -0.795389
  0.6074182  -0.4178784  -0.53755605 -0.06245148 -0.07770503 -0.8430405
  0.49660462 -0.70336473 -0.8548045  -0.9222063   0.21871045 -0.10309044
  0.36510152 -0.1436367  -1.203029   -1.0859476   0.8087486  -0.38709077
  2.204574   -1.3026322  -1.1526366   0.7531084  -0.5856652  -1.13509
  1.0037725   1.0463736  -0.22042426  0.13005994 -0.88892806  0.11434931
  2.0198636   0.07863434 -0.38204125  0.2992285  -0.7696487   0.2892753
 -0.08921662  0.5847498  -0.2893538  -0.66688216  0.5611095   0.09013107
  0.6251883   0.5016444  -0.83076835 -0.84839845 -0.99273425  0.12360752
  0.6404928   0.07911128 -0.1971098   0.6289811  -0.63733566  0.7355552
  0.09396985  0.51884884  1.2921678  -0.6468234   0.7253723   0.89476186
  1.2330828   0.09952798  1.2635356   0.678389   -0.53167576  0.06133232]","[ 0.00554222  0.60237634  0.5837762   0.43204534  0.02771209  0.15543514
  0.01963037  0.1481258  -0.14924479 -0.22033778 -0.42015523  0.8734615
  0.72407657 -0.5032929   0.7520972   0.8688806  -0.19366801 -0.39152944
 -0.33616555 -0.30049074 -0.20406967 -0.3951131   0.48763207 -0.68637574
 -1.1368809   0.3618093  -0.36791265  0.40144116  0.09431922 -0.32830575
  0.0762434   0.8794931  -0.00678523 -0.22582847  0.42137623 -0.8275998
  0.09151411  0.0052669   0.57830894  0.37600487 -0.30123305 -0.4785127
  0.6472248  -0.71398866 -0.2045463  -0.26056188 -1.063446   -0.5145261
  0.20666333  0.37435386  0.31253067 -0.7913326  -0.22718114  0.8144629
 -0.4156748  -0.82573545  0.03545445 -0.5528957  -0.15924665  0.04561421
  0.91837734  0.13413066  0.18194753 -0.5271135  -0.07065368  0.24426621
 -0.7616584  -0.4650773  -0.2661752   0.28947017 -0.81795716  0.44458005
 -0.17034209  0.6420374   0.00225939  0.8107475   0.17136547 -0.5663487
  0.1510292  -1.0147684   0.5259925  -0.00746873  0.54376596 -0.4582252
 -0.55339426 -0.25388795 -0.11795816 -0.31710556  0.12265477  0.847597
 -0.3026291   0.6486777  -0.42939523 -0.26152018  0.6162782   2.1072972 ]",26,27,28,30,0.0,0.0,0.0,0.0,af1deb3d2cc3cd3c0c32159075f22446,af1deb3d2cc3cd3c0c32159075f22446__24__36
14,PRESENT,NORMAL,PRESENT,NORMAL,verb-verb,decide upon,observing,decide,observing,decide,observe,False,False,VERB,ROOT,VERB,pcomp,False,,False,,4.9762697,8.991565,"[ 3.9293230e-01  6.0130841e-01  5.5638957e-01 -3.5194290e-01
  3.6354348e-01 -3.8964739e-01  8.9968419e-01 -1.9956559e-02
 -3.0444667e-02 -4.9913433e-01 -9.6278620e-01  6.1988193e-01
  5.4952013e-01  5.9450544e-02  1.3925384e-01  2.7255183e-01
 -1.5440270e-02 -4.2636436e-01 -1.9299674e-01  2.7200413e-01
 -2.3516168e-01  1.0564326e-01 -1.5859075e-01 -7.0697868e-01
 -5.5923402e-01  3.4016269e-01  1.4168005e-01 -2.1889643e-01
  5.2980721e-01 -4.0391207e-01 -2.6025942e-01  8.3357370e-01
 -2.2250125e-01  1.7874603e-01  2.4032384e-02 -7.6620555e-01
  6.1103749e-01  1.8442431e-01  1.3872031e+00  2.8842670e-01
 -2.4403375e-01 -5.6675506e-01 -1.8784571e-01 -2.8555292e-01
 -3.1663623e-01 -4.1566157e-01 -9.7662401e-01 -4.4029400e-01
  8.7346479e-02  1.4982170e-01  2.7878928e-01 -5.4199302e-01
 -2.3189697e-01  3.4572709e-01 -5.1826084e-01 -1.3409107e+00
 -5.5718482e-01 -4.0014285e-01 -2.5898874e-02  4.8008341e-01
  1.0777419e+00 -3.1079255e-02 -3.4088844e-01 -1.0986933e+00
  3.3509696e-01  4.8810214e-01 -5.7179308e-01 -1.7891538e-01
 -2.8999662e-01  2.1297790e-02 -3.2136369e-01  2.2515310e-01
 -4.7946391e-01  3.5166585e-01  1.6492623e-01  4.7655946e-01
  2.2422773e-01 -1.3751358e-01 -5.4815096e-01 -2.1226230e-01
  5.0713789e-01 -8.8248760e-02  4.8808533e-01 -3.5978639e-01
 -3.6951029e-01 -4.5020908e-01  4.2396784e-04 -6.9147646e-01
 -4.5503807e-01  1.5523615e+00 -1.7952025e-02  8.1191123e-02
 -2.0631312e-01  1.5606263e-01 -3.1381068e-01  1.0634395e+00]","[-3.8757619e-01  1.7070213e-01 -1.0895030e+00  3.2009416e+00
  7.4514586e-01 -1.0028031e+00  7.2553962e-01  1.5474856e-02
 -9.8816305e-01 -9.5550185e-01  5.4510099e-01 -8.9283216e-01
  1.8534572e+00  8.8610739e-02  1.3618975e+00 -3.0709100e-01
 -1.2916937e+00 -1.0222903e-01  9.0485889e-01  1.0006088e-01
  1.3985353e+00  6.1827242e-01 -1.5718114e-01  1.9376731e-01
  4.5236671e-01  1.4228532e+00 -1.7948121e-01  6.4533275e-01
  4.2745495e-01 -7.3096693e-01 -5.0013840e-02  9.2527866e-01
 -3.1236479e-01 -2.6277006e-02 -1.7477065e-01 -3.3967996e-01
 -2.2762352e-01 -1.0128191e+00 -7.6382732e-01  6.5244979e-01
  2.5339632e+00 -4.8583686e-01  1.1477339e+00  4.4587982e-01
  4.2379016e-01 -6.9298279e-01 -1.6685116e-01  3.1408852e-01
 -5.6746829e-01  1.4433721e+00 -1.0109742e+00 -2.1892950e-01
 -1.0327348e+00  5.8099461e-01  1.7166117e-01  7.9900575e-01
  6.4421046e-01 -5.9370565e-01  9.1868299e-01 -5.2799428e-01
 -3.1666908e-01 -3.1272578e-01  2.9705685e-01  1.1853551e+00
  6.2996700e-02  6.6030848e-01  1.0810169e+00 -6.1661088e-01
 -1.4576564e+00 -2.1404469e+00  3.7250301e-01 -8.4322965e-01
  8.9789236e-01 -8.2315564e-01  8.3858454e-01 -8.9913338e-02
 -8.5374713e-01 -9.6256495e-01 -3.8894340e-02 -1.9023697e+00
 -3.1739706e-01 -3.2133198e-01 -8.4114540e-01 -3.9211476e-01
 -1.0533805e+00 -9.8544866e-01  2.9946488e-01 -7.9844576e-01
 -1.0591916e+00  2.3267729e+00  4.2865181e-01  1.2893528e-01
 -1.1482663e+00  7.2142482e-04 -4.9061659e-01 -8.3831862e-02]",43,45,37,38,-0.1995664,-0.13069429999999999,-0.36800000000000005,-0.241,af1deb3d2cc3cd3c0c32159075f22446,af1deb3d2cc3cd3c0c32159075f22446__36__51
15,PRESENT,NORMAL,PRESENT,NORMAL,verb-object,observing,enemy,observing,enemy,observe,enemy,False,False,VERB,pcomp,NOUN,dobj,False,,False,,8.991565,7.1800933,"[-3.8757619e-01  1.7070213e-01 -1.0895030e+00  3.2009416e+00
  7.4514586e-01 -1.0028031e+00  7.2553962e-01  1.5474856e-02
 -9.8816305e-01 -9.5550185e-01  5.4510099e-01 -8.9283216e-01
  1.8534572e+00  8.8610739e-02  1.3618975e+00 -3.0709100e-01
 -1.2916937e+00 -1.0222903e-01  9.0485889e-01  1.0006088e-01
  1.3985353e+00  6.1827242e-01 -1.5718114e-01  1.9376731e-01
  4.5236671e-01  1.4228532e+00 -1.7948121e-01  6.4533275e-01
  4.2745495e-01 -7.3096693e-01 -5.0013840e-02  9.2527866e-01
 -3.1236479e-01 -2.6277006e-02 -1.7477065e-01 -3.3967996e-01
 -2.2762352e-01 -1.0128191e+00 -7.6382732e-01  6.5244979e-01
  2.5339632e+00 -4.8583686e-01  1.1477339e+00  4.4587982e-01
  4.2379016e-01 -6.9298279e-01 -1.6685116e-01  3.1408852e-01
 -5.6746829e-01  1.4433721e+00 -1.0109742e+00 -2.1892950e-01
 -1.0327348e+00  5.8099461e-01  1.7166117e-01  7.9900575e-01
  6.4421046e-01 -5.9370565e-01  9.1868299e-01 -5.2799428e-01
 -3.1666908e-01 -3.1272578e-01  2.9705685e-01  1.1853551e+00
  6.2996700e-02  6.6030848e-01  1.0810169e+00 -6.1661088e-01
 -1.4576564e+00 -2.1404469e+00  3.7250301e-01 -8.4322965e-01
  8.9789236e-01 -8.2315564e-01  8.3858454e-01 -8.9913338e-02
 -8.5374713e-01 -9.6256495e-01 -3.8894340e-02 -1.9023697e+00
 -3.1739706e-01 -3.2133198e-01 -8.4114540e-01 -3.9211476e-01
 -1.0533805e+00 -9.8544866e-01  2.9946488e-01 -7.9844576e-01
 -1.0591916e+00  2.3267729e+00  4.2865181e-01  1.2893528e-01
 -1.1482663e+00  7.2142482e-04 -4.9061659e-01 -8.3831862e-02]","[ 0.12224603  0.8360852  -0.72941506  0.2795285  -0.00468068  0.49310422
 -0.6509054  -0.09965956 -0.6851333   0.12019254 -0.12992969 -0.61248565
  0.16866694  0.37974775  1.2884042  -0.12117033 -0.20910956  0.10928024
 -0.37000516 -1.2946571   0.2612526   0.25761652 -0.30857962 -0.84991896
  0.07908277 -0.38344812 -1.585668   -1.8433319  -0.4191285  -0.30482307
  1.0555863  -0.6887812   0.841343    0.12865037 -0.24513768  1.41099
 -0.36208546  0.16517343 -0.05013508  0.43530592 -1.3012112  -0.6812119
  1.0497221   1.5379024  -0.44527155 -0.5388714  -0.24942736 -0.50419724
  1.6974413   0.85602576  0.29381797  0.4423284  -0.13091117 -0.7674813
  0.349582    0.9422897  -0.88004357 -0.3407446  -0.19299829 -1.1739349
  0.10889339 -0.196494    0.29057604 -0.2918856  -0.3328086  -0.11420208
  1.0299003  -0.969438    0.12613139 -0.91632175 -0.580201   -0.82177985
  0.04912856  0.32558802  0.3719312   0.35052168 -1.1172771   1.4661222
  0.75144947 -0.5144191   0.96510506  0.94701093  0.52584654  0.38372296
 -0.5812705  -0.2530392   1.3802382  -0.7054373  -0.10868469  0.41377434
 -1.370083    1.5985      0.36053246  0.2751946  -0.11273214  0.11583136]",37,38,39,40,-0.3449028,-0.13069429999999999,-0.636,-0.241,af1deb3d2cc3cd3c0c32159075f22446,af1deb3d2cc3cd3c0c32159075f22446__36__51
16,PRESENT,NORMAL,PRESENT,NORMAL,subject-verb,they,decide upon,they,decide,they,decide,False,False,PRON,nsubj,VERB,ROOT,False,,False,,8.381807,4.9762697,"[ 0.25425354  0.3537447  -0.8984846  -0.5049802   0.6322814   0.8597879
 -0.6091533  -0.15604562  0.6623435  -1.5600879  -0.08760953 -0.7871475
 -0.47465116 -0.6064212   2.3224173  -0.9155409   1.3427095   1.0351163
 -0.75782067  0.3903467   0.41239825  0.07195926  1.5047983   1.247075
 -0.8657087  -1.3374234   1.4445057  -0.27893198 -0.9602967  -0.55704564
 -0.42660055 -0.27799636 -1.1111857  -0.65412414 -0.92062646 -0.42073393
 -0.9654393   0.58846176 -0.5415848  -0.88699883 -0.5536822  -0.41636598
 -0.4015467  -1.568889   -1.5455148  -0.93897253  0.5098696  -0.7090293
  0.32867932 -0.44808432  1.0489432   2.0231164   0.298457   -1.0100781
  0.5834517   1.3425019   0.47727627 -0.02213003  0.7552907   0.11034697
  0.51145864 -0.1311673   0.2513938  -0.02927956 -0.03692648 -1.02078
  0.50847924 -0.01721854  1.3189784  -0.5491343  -0.1699385   0.07834015
  0.5306517  -0.51123273  0.06066252 -0.8735263  -0.8304696   0.00346771
  1.7802337   1.0333447   0.15544349 -0.44359678  0.4093861   2.8356628
  0.12050471  0.2449996  -0.06197155  0.0480634   0.6960398   0.14832562
 -0.31408954 -1.1286517  -0.05143324  0.04920088  0.22147599 -1.0981972 ]","[ 3.9293230e-01  6.0130841e-01  5.5638957e-01 -3.5194290e-01
  3.6354348e-01 -3.8964739e-01  8.9968419e-01 -1.9956559e-02
 -3.0444667e-02 -4.9913433e-01 -9.6278620e-01  6.1988193e-01
  5.4952013e-01  5.9450544e-02  1.3925384e-01  2.7255183e-01
 -1.5440270e-02 -4.2636436e-01 -1.9299674e-01  2.7200413e-01
 -2.3516168e-01  1.0564326e-01 -1.5859075e-01 -7.0697868e-01
 -5.5923402e-01  3.4016269e-01  1.4168005e-01 -2.1889643e-01
  5.2980721e-01 -4.0391207e-01 -2.6025942e-01  8.3357370e-01
 -2.2250125e-01  1.7874603e-01  2.4032384e-02 -7.6620555e-01
  6.1103749e-01  1.8442431e-01  1.3872031e+00  2.8842670e-01
 -2.4403375e-01 -5.6675506e-01 -1.8784571e-01 -2.8555292e-01
 -3.1663623e-01 -4.1566157e-01 -9.7662401e-01 -4.4029400e-01
  8.7346479e-02  1.4982170e-01  2.7878928e-01 -5.4199302e-01
 -2.3189697e-01  3.4572709e-01 -5.1826084e-01 -1.3409107e+00
 -5.5718482e-01 -4.0014285e-01 -2.5898874e-02  4.8008341e-01
  1.0777419e+00 -3.1079255e-02 -3.4088844e-01 -1.0986933e+00
  3.3509696e-01  4.8810214e-01 -5.7179308e-01 -1.7891538e-01
 -2.8999662e-01  2.1297790e-02 -3.2136369e-01  2.2515310e-01
 -4.7946391e-01  3.5166585e-01  1.6492623e-01  4.7655946e-01
  2.2422773e-01 -1.3751358e-01 -5.4815096e-01 -2.1226230e-01
  5.0713789e-01 -8.8248760e-02  4.8808533e-01 -3.5978639e-01
 -3.6951029e-01 -4.5020908e-01  4.2396784e-04 -6.9147646e-01
 -4.5503807e-01  1.5523615e+00 -1.7952025e-02  8.1191123e-02
 -2.0631312e-01  1.5606263e-01 -3.1381068e-01  1.0634395e+00]",41,42,43,45,0.0,-0.13069429999999999,0.0,-0.241,af1deb3d2cc3cd3c0c32159075f22446,af1deb3d2cc3cd3c0c32159075f22446__36__51
17,PRESENT,NORMAL,PRESENT,NORMAL,verb-object,decide upon,plan,decide,plan,decide,plan,False,False,VERB,ROOT,NOUN,pobj,False,,False,,4.9762697,6.3173375,"[ 3.9293230e-01  6.0130841e-01  5.5638957e-01 -3.5194290e-01
  3.6354348e-01 -3.8964739e-01  8.9968419e-01 -1.9956559e-02
 -3.0444667e-02 -4.9913433e-01 -9.6278620e-01  6.1988193e-01
  5.4952013e-01  5.9450544e-02  1.3925384e-01  2.7255183e-01
 -1.5440270e-02 -4.2636436e-01 -1.9299674e-01  2.7200413e-01
 -2.3516168e-01  1.0564326e-01 -1.5859075e-01 -7.0697868e-01
 -5.5923402e-01  3.4016269e-01  1.4168005e-01 -2.1889643e-01
  5.2980721e-01 -4.0391207e-01 -2.6025942e-01  8.3357370e-01
 -2.2250125e-01  1.7874603e-01  2.4032384e-02 -7.6620555e-01
  6.1103749e-01  1.8442431e-01  1.3872031e+00  2.8842670e-01
 -2.4403375e-01 -5.6675506e-01 -1.8784571e-01 -2.8555292e-01
 -3.1663623e-01 -4.1566157e-01 -9.7662401e-01 -4.4029400e-01
  8.7346479e-02  1.4982170e-01  2.7878928e-01 -5.4199302e-01
 -2.3189697e-01  3.4572709e-01 -5.1826084e-01 -1.3409107e+00
 -5.5718482e-01 -4.0014285e-01 -2.5898874e-02  4.8008341e-01
  1.0777419e+00 -3.1079255e-02 -3.4088844e-01 -1.0986933e+00
  3.3509696e-01  4.8810214e-01 -5.7179308e-01 -1.7891538e-01
 -2.8999662e-01  2.1297790e-02 -3.2136369e-01  2.2515310e-01
 -4.7946391e-01  3.5166585e-01  1.6492623e-01  4.7655946e-01
  2.2422773e-01 -1.3751358e-01 -5.4815096e-01 -2.1226230e-01
  5.0713789e-01 -8.8248760e-02  4.8808533e-01 -3.5978639e-01
 -3.6951029e-01 -4.5020908e-01  4.2396784e-04 -6.9147646e-01
 -4.5503807e-01  1.5523615e+00 -1.7952025e-02  8.1191123e-02
 -2.0631312e-01  1.5606263e-01 -3.1381068e-01  1.0634395e+00]","[ 0.32163346  0.3286798   0.23230828  0.56877613  0.46043026  0.2328142
 -0.83465296 -0.22711164  0.1810883   0.01900446 -0.6310464  -0.9790895
  0.09172747  0.18799146  0.08820449  0.5862707  -0.09522714 -0.7766118
 -0.22576919  0.7648815  -0.26229155 -0.41672105  0.56845486  1.4585378
  0.37738314  0.6258824  -0.97182715 -1.0745786  -0.0790676   0.07954754
  0.65494096 -0.25178486  0.6068258  -0.24685588  0.2633081  -0.9819187
 -0.6965245  -0.87780887 -0.19904234  1.2721021  -1.2939343  -0.49161282
 -0.5539378   1.6511927  -0.85834765 -0.44908187  0.07289222  0.00250043
  1.9664841  -0.21223146 -0.2413835  -0.2140595  -0.3127953  -0.7320106
 -0.3398538   0.31862456 -0.6393852  -0.2734506  -0.49291694 -0.82017076
  0.34616277 -0.53209925  0.5822983  -0.36317244  0.561515   -0.07391849
 -0.03458627 -0.8293017  -0.37102166  0.42100936  0.18264069  0.06179006
 -0.44162962 -0.07839493  0.2258893  -0.83310735 -0.674926    0.7608872
  0.29110694 -0.92238766  2.0594146  -0.05125728 -0.30876613 -0.16397397
  0.78772026 -0.3167334   0.26087803 -0.96137893 -0.10375293  0.48630363
 -0.43774015  0.9220981  -0.27300248 -0.3432648   0.43658653  0.04631839]",43,45,47,48,0.0,-0.13069429999999999,0.0,-0.241,af1deb3d2cc3cd3c0c32159075f22446,af1deb3d2cc3cd3c0c32159075f22446__36__51
18,PRESENT,NORMAL,PRESENT,NORMAL,description,plan,common,plan,common,plan,common,False,False,NOUN,pobj,ADJ,amod,False,,False,,6.3173375,7.977003,"[ 0.32163346  0.3286798   0.23230828  0.56877613  0.46043026  0.2328142
 -0.83465296 -0.22711164  0.1810883   0.01900446 -0.6310464  -0.9790895
  0.09172747  0.18799146  0.08820449  0.5862707  -0.09522714 -0.7766118
 -0.22576919  0.7648815  -0.26229155 -0.41672105  0.56845486  1.4585378
  0.37738314  0.6258824  -0.97182715 -1.0745786  -0.0790676   0.07954754
  0.65494096 -0.25178486  0.6068258  -0.24685588  0.2633081  -0.9819187
 -0.6965245  -0.87780887 -0.19904234  1.2721021  -1.2939343  -0.49161282
 -0.5539378   1.6511927  -0.85834765 -0.44908187  0.07289222  0.00250043
  1.9664841  -0.21223146 -0.2413835  -0.2140595  -0.3127953  -0.7320106
 -0.3398538   0.31862456 -0.6393852  -0.2734506  -0.49291694 -0.82017076
  0.34616277 -0.53209925  0.5822983  -0.36317244  0.561515   -0.07391849
 -0.03458627 -0.8293017  -0.37102166  0.42100936  0.18264069  0.06179006
 -0.44162962 -0.07839493  0.2258893  -0.83310735 -0.674926    0.7608872
  0.29110694 -0.92238766  2.0594146  -0.05125728 -0.30876613 -0.16397397
  0.78772026 -0.3167334   0.26087803 -0.96137893 -0.10375293  0.48630363
 -0.43774015  0.9220981  -0.27300248 -0.3432648   0.43658653  0.04631839]","[-0.6645412   1.443642   -0.44314247 -1.0121596   0.6005227  -0.9504504
  0.23557636  1.050966   -0.15545927  0.8614532   0.599028    0.39206964
 -0.05024773  0.62272537 -0.09865959 -0.75893867 -0.3762398  -0.31371287
  1.3086958   1.0589154  -0.10518506 -0.02025942 -0.24643376 -0.12318279
  0.03246413 -1.6727719  -1.4680663   0.6669924  -0.31931278  0.07999107
 -0.14301255  0.53184336  0.04630167  0.28718203  0.12113787  1.2539991
 -0.4512174  -0.07755914 -0.12105502  0.735014   -0.76123756 -0.622056
  2.4433377  -0.7756127  -0.53922296  1.3730189  -0.3378959  -0.5300872
  0.6783849   0.35168195  0.738857   -0.5810157  -1.1424645  -1.1802766
  0.1373376  -0.35385936  0.08024096 -0.29269534 -0.8247327   0.6772579
  0.3979866  -0.4548958   1.8407024   0.5516457   0.6507877  -0.4936801
  0.3163076  -0.6884234  -0.51558346 -0.59657145 -0.6904971  -0.16634744
 -0.903479    0.13211536  0.98707086 -0.39975566 -0.5751225  -0.8972464
  1.0859694  -1.651797   -0.2949195   0.43983638 -0.4824714   0.49797815
 -0.10556233 -0.35907084 -1.0855143  -0.4855746  -0.7612722   0.93967116
  1.681227    0.54607326  2.1795695   0.45801875 -1.4203559  -0.9120298 ]",47,48,46,47,0.0,-0.13069429999999999,0.0,-0.241,af1deb3d2cc3cd3c0c32159075f22446,af1deb3d2cc3cd3c0c32159075f22446__36__51
19,PRESENT,NORMAL,PRESENT,NORMAL,noun-noun,plan,action,plan,action,plan,action,False,False,NOUN,pobj,NOUN,pobj,False,,False,,6.3173375,7.104121,"[ 0.32163346  0.3286798   0.23230828  0.56877613  0.46043026  0.2328142
 -0.83465296 -0.22711164  0.1810883   0.01900446 -0.6310464  -0.9790895
  0.09172747  0.18799146  0.08820449  0.5862707  -0.09522714 -0.7766118
 -0.22576919  0.7648815  -0.26229155 -0.41672105  0.56845486  1.4585378
  0.37738314  0.6258824  -0.97182715 -1.0745786  -0.0790676   0.07954754
  0.65494096 -0.25178486  0.6068258  -0.24685588  0.2633081  -0.9819187
 -0.6965245  -0.87780887 -0.19904234  1.2721021  -1.2939343  -0.49161282
 -0.5539378   1.6511927  -0.85834765 -0.44908187  0.07289222  0.00250043
  1.9664841  -0.21223146 -0.2413835  -0.2140595  -0.3127953  -0.7320106
 -0.3398538   0.31862456 -0.6393852  -0.2734506  -0.49291694 -0.82017076
  0.34616277 -0.53209925  0.5822983  -0.36317244  0.561515   -0.07391849
 -0.03458627 -0.8293017  -0.37102166  0.42100936  0.18264069  0.06179006
 -0.44162962 -0.07839493  0.2258893  -0.83310735 -0.674926    0.7608872
  0.29110694 -0.92238766  2.0594146  -0.05125728 -0.30876613 -0.16397397
  0.78772026 -0.3167334   0.26087803 -0.96137893 -0.10375293  0.48630363
 -0.43774015  0.9220981  -0.27300248 -0.3432648   0.43658653  0.04631839]","[ 0.569198    2.323094   -0.59501374  0.28034484  0.571819   -0.4217487
 -0.96140355 -0.9836843  -0.5282991   0.5267782  -1.0492171  -0.53253114
  0.4397502   0.07403533 -0.31067407  0.71668065 -0.496061   -0.42420635
  0.4415111  -0.57649255 -0.2381197   0.5462382   0.6485582   0.81777173
  0.9106722   0.61122406 -0.49748307 -1.1874049  -0.47116995 -0.4112114
  1.7547655  -0.80745864  1.1767884   0.77802444 -0.06187174 -0.27381733
 -0.16764477  0.23040192 -0.03426701  0.8251259  -1.2024171  -0.8332336
  0.21075872  0.8231738  -0.6150012  -0.56554997 -0.26915056 -0.702004
  2.111885    0.03991525 -0.62489355  1.0704048   0.12517059 -0.4631343
  0.41215724  0.3220684  -0.5100261   0.42115045 -0.39433593 -1.0434215
 -0.85667413 -1.09501     0.5047322  -1.2130456   0.3580436   0.2443393
 -0.13250466 -0.13578655  0.00538964 -1.7526636   0.29289335 -0.4537564
 -0.43168706 -0.68404067  0.14229338 -0.15335056 -1.2801211   0.50947297
 -0.31605017 -0.77606976  1.0080539   1.0178833   0.05354352  0.56548405
  0.39626503 -0.04022919 -0.43539128  0.46022192 -0.00373003  0.10029927
 -0.30652195  0.81683654 -0.4899336  -0.04474923  0.36535028  0.1420655 ]",47,48,49,50,0.0,-0.13069429999999999,0.0,-0.241,af1deb3d2cc3cd3c0c32159075f22446,af1deb3d2cc3cd3c0c32159075f22446__36__51
20,PRESENT,NORMAL,PRESENT,NORMAL,description,be,however,be,however,be,however,False,False,AUX,ROOT,ADV,advmod,False,,False,,7.883918,8.151597,"[-0.5147231  -0.29747915  1.8744626   0.20717777  1.8086417   0.7227597
 -0.48462787 -0.1626763  -0.7854861  -1.1454817  -1.0570383  -0.18903142
  0.64026725 -0.25391996  0.99341816  0.8878528  -0.18115678 -0.42535135
 -0.56192005 -0.72331405 -0.8590219   1.698323    0.40930998 -0.8415988
 -1.6942012   0.91567624  0.5211138  -0.9537786   0.05782372 -0.62419397
 -0.29119983  0.10502344  1.0210882  -0.70735484 -0.9062077  -0.19839776
 -0.40425003 -0.2328695   1.4590648   0.44513646  0.4392072  -0.65384984
  0.71447927  0.02764815 -0.62370545  0.93336403 -0.6967372   0.4976814
  0.46581706  0.051597    0.49693578 -0.52852774  0.25984392  0.45880908
  0.08707175 -1.1428702   1.4569374   0.45650303  0.170863    0.93414783
  1.0158927   0.19490136  0.04277945 -1.5525804  -0.09196377 -1.0866057
 -0.9442729   0.0945099  -0.85373443  0.09328437  1.1252369   0.9342673
 -1.2090652   0.16053587  1.1997108  -0.00868356 -0.9278991  -0.6405842
 -0.44736624 -0.39386672  0.31389958 -1.0046535   0.6537432  -0.65247834
 -0.46119112  0.13487822  0.79199994 -0.79209316 -0.9679648   2.1967058
 -1.3094462   0.24782057 -0.02776532  0.43809295 -0.30346996  0.11863405]","[-9.86618996e-02 -1.00430202e+00 -7.43397713e-01 -1.45890570e+00
  1.03956747e+00  1.21531487e+00  7.12114751e-01 -5.42499006e-01
  1.62815928e-01 -1.52717519e+00  4.55184191e-01  1.19552016e-04
 -2.21314281e-01  3.29515338e-01 -6.64492786e-01  6.75292909e-02
 -8.90935302e-01 -1.51134163e-01  1.49507344e-01 -2.33669475e-01
 -7.81551659e-01  3.75420719e-01  7.05269575e-01 -9.25571203e-01
  4.84443486e-01 -1.16022503e+00  3.16190124e-01  6.01023316e-01
 -5.33977747e-01  1.53482735e+00 -9.66888905e-01 -1.80324912e+00
 -3.90190363e-01  1.41195452e+00 -6.79822564e-02 -1.62192619e+00
  1.84216630e+00  3.29143792e-01  2.30192930e-01  1.54255837e-01
 -4.16662991e-01  4.29259300e-01  2.04155505e-01  2.55162716e-01
  4.45547774e-02 -4.46672529e-01 -4.18787777e-01 -1.59305120e+00
 -1.07077897e-01  6.12227440e-01 -7.79514730e-01  1.32233381e+00
  1.83705449e-01 -1.33599257e+00 -1.21050954e-01  2.07804546e-01
 -4.60685432e-01 -7.86849678e-01 -3.01708877e-02  2.99528986e-01
 -1.99966681e+00  9.29224193e-01  9.14468348e-01 -3.24919909e-01
  2.46037602e-01 -9.15105343e-02 -4.33594435e-02 -5.78740984e-03
 -1.16474152e-01 -6.47139668e-01  1.24819851e+00  2.59347653e+00
 -1.85032159e-01  2.67238915e-02  1.59298801e+00 -1.09375226e+00
  5.66761494e-01 -1.26857370e-01 -1.27869570e+00  2.19122544e-02
  3.07480991e-01 -7.41164982e-02  1.15083253e+00 -7.82632902e-02
  1.11311853e+00  5.05837739e-01 -9.60586190e-01 -2.22603410e-01
 -2.97555625e-01  5.10145664e-01 -4.95196491e-01  9.40086722e-01
 -7.11295605e-01  7.40522385e-01  4.36615556e-01  3.43502730e-01]",59,60,52,53,0.0,0.33202800000000005,0.0,0.414,af1deb3d2cc3cd3c0c32159075f22446,af1deb3d2cc3cd3c0c32159075f22446__51__72
21,FUTURE,NORMAL,FUTURE,NORMAL,verb-object,trying to prevent,generals,prevent,generals,prevent,general,False,False,VERB,advcl,NOUN,dobj,False,,False,,5.547673,6.2081394,"[ 0.2388746  -0.3373188   0.7697429   1.1816744   0.23533665 -0.60236996
  0.50213736  0.15271755 -0.08464316 -0.2387229  -0.23381759 -0.11533785
  0.45842505 -0.06223473  0.8857418  -0.25679258 -0.3845264  -0.5009713
 -0.21043761  0.35462776  0.41160643 -0.22862332 -0.42494115 -0.7540795
 -0.6803231   0.17942162  0.5792276  -0.16657872  0.0439415  -0.17403643
 -0.65590435  1.5064029   0.09677082 -0.2545623   0.5075674  -0.23332298
 -0.4882977  -0.70806116  0.9276977   0.95669436  1.0834082   0.3233423
 -0.15444756 -0.15621637 -0.6046482  -0.36551094 -0.11024275  0.20981151
 -0.16365625  0.6984939  -0.02965655 -0.80517024 -0.71809787  0.4053544
 -0.15469451 -0.41334805 -0.18416065 -0.07659972  0.8567273   0.2361219
 -0.31688976 -0.02716892  0.4226664  -0.7071535  -0.4722121   0.37153006
  1.0047976  -0.74026203  0.24244666 -1.201289   -0.5604922   0.3764739
 -0.06076993 -0.9036293   0.12542267 -0.1309948  -0.26185745 -0.12013789
  0.6870292  -0.53111833  1.4801822  -0.10503467 -0.26285544  0.2762501
 -0.27044156 -0.7355895  -0.19040732 -0.26533732 -0.5492738   2.0313222
 -0.00942524  0.00710192 -0.21991032 -0.15104587  0.03182277 -0.17279534]","[ 0.251696    0.72858554  0.31796712 -0.35056722 -0.18914342 -0.46074167
 -0.79172647 -0.5941808  -0.32057184 -0.02877146 -0.99083126 -0.3934645
 -0.33772027 -0.5090311  -0.4590398   0.22718117 -0.40932035 -0.4034131
 -0.91160727  0.699611   -0.64463764  0.7569216   1.1648433   0.6145226
  0.61953676 -0.06354477 -0.7804041  -1.1231498   0.5609815  -0.26581818
  0.46252993  0.0665987  -0.9547743   0.02566689  0.02374735 -1.0134256
  0.43852925 -0.52500886 -0.6841098  -0.22329459  0.9650783  -0.553109
  0.06311746  1.441238   -0.21712482 -0.5475085   0.9795481  -0.01159656
  1.5262617  -1.1122408  -1.09284     0.3462448  -0.11657079 -0.63194746
  0.5576404   1.5353955  -0.46654496 -0.23700973 -1.2685865  -0.594048
  1.803545    0.02408241  0.09555738 -0.5292765   0.8225409   0.14920063
  0.15262707  0.30595297 -0.2035994  -0.629313    0.46108344 -0.4489516
 -0.18452497  0.72717285 -0.7211037  -0.4495127  -0.06329834  0.01916231
  0.17604081 -0.14374152 -0.17041323  0.13388881 -0.6469061   0.3818528
  0.75231713  0.1596827   0.19922717 -0.65065867  0.6202256  -0.23833059
  0.828808    0.32263005  0.19774356 -0.34222803  0.02556446  0.16880555]",62,65,67,68,0.2528768,0.33202800000000005,0.512,0.414,af1deb3d2cc3cd3c0c32159075f22446,af1deb3d2cc3cd3c0c32159075f22446__51__72
22,FUTURE,NORMAL,FUTURE,NORMAL,description,generals,loyal,generals,loyal,general,loyal,False,False,NOUN,dobj,ADJ,amod,False,,False,,6.2081394,7.1366377,"[ 0.251696    0.72858554  0.31796712 -0.35056722 -0.18914342 -0.46074167
 -0.79172647 -0.5941808  -0.32057184 -0.02877146 -0.99083126 -0.3934645
 -0.33772027 -0.5090311  -0.4590398   0.22718117 -0.40932035 -0.4034131
 -0.91160727  0.699611   -0.64463764  0.7569216   1.1648433   0.6145226
  0.61953676 -0.06354477 -0.7804041  -1.1231498   0.5609815  -0.26581818
  0.46252993  0.0665987  -0.9547743   0.02566689  0.02374735 -1.0134256
  0.43852925 -0.52500886 -0.6841098  -0.22329459  0.9650783  -0.553109
  0.06311746  1.441238   -0.21712482 -0.5475085   0.9795481  -0.01159656
  1.5262617  -1.1122408  -1.09284     0.3462448  -0.11657079 -0.63194746
  0.5576404   1.5353955  -0.46654496 -0.23700973 -1.2685865  -0.594048
  1.803545    0.02408241  0.09555738 -0.5292765   0.8225409   0.14920063
  0.15262707  0.30595297 -0.2035994  -0.629313    0.46108344 -0.4489516
 -0.18452497  0.72717285 -0.7211037  -0.4495127  -0.06329834  0.01916231
  0.17604081 -0.14374152 -0.17041323  0.13388881 -0.6469061   0.3818528
  0.75231713  0.1596827   0.19922717 -0.65065867  0.6202256  -0.23833059
  0.828808    0.32263005  0.19774356 -0.34222803  0.02556446  0.16880555]","[-1.1055993e+00  8.6099088e-01 -2.9857174e-01 -7.8111422e-01
  9.8359662e-01 -6.6499144e-02 -6.3080037e-01  1.1027431e+00
 -3.8585508e-01  1.1187999e+00  1.8268299e-01 -6.5422297e-01
  4.4431713e-01  4.6747786e-01  2.6162636e-01 -1.9431114e-04
 -3.4332052e-02 -1.3594031e-01  1.4467626e+00  1.5215731e+00
 -6.5131766e-01 -7.5057000e-02 -3.3133805e-01  1.0626598e-01
  2.8670865e-01 -1.2479429e+00 -1.0827311e+00  8.4321952e-01
 -5.6834298e-01  1.5852195e-01 -9.8833120e-01 -6.0320085e-01
  5.0392941e-02 -3.0115095e-01 -9.7353786e-02  1.2761630e+00
 -3.7015089e-01  7.9225600e-02 -4.3678516e-01  2.0167428e-01
 -5.8544528e-01 -1.0533490e+00  7.8322738e-01 -3.2745352e-01
 -4.7299546e-01  1.7444086e+00 -3.6899412e-01 -1.4111358e-01
  7.5911522e-01 -3.7877092e-01  9.5961326e-01 -3.7522212e-01
 -7.2144401e-01 -7.6387727e-01  1.7289650e-01  1.6231905e-01
 -4.0873975e-01 -8.1618440e-01 -1.5938847e-01  1.0522063e+00
  3.5282969e-01 -4.0206745e-01  1.0319108e+00 -9.0622962e-02
  3.5924250e-01 -1.6145572e-01  1.4868653e+00 -9.2543417e-01
 -2.1870849e-01 -6.5833753e-01 -5.6924748e-01 -6.4997464e-02
 -1.0992801e+00  3.9528883e-01  2.0681956e-01 -3.8807359e-01
  6.0093999e-02 -5.4885995e-01  6.9225258e-01 -8.8240510e-01
  1.5035741e-01  2.1371745e-01 -1.7889912e-01  8.4540194e-01
 -4.9423093e-01 -6.9457012e-01 -8.4935474e-01 -1.5390670e+00
  3.4096986e-03  5.8265913e-01  9.9529737e-01  9.4983771e-02
  1.9434808e+00  1.1615313e+00 -3.8487962e-01 -8.8294649e-01]",67,68,66,67,0.3603852,0.33202800000000005,0.756,0.414,af1deb3d2cc3cd3c0c32159075f22446,af1deb3d2cc3cd3c0c32159075f22446__51__72
23,FUTURE,NORMAL,PRESENT,NORMAL,verb-verb,trying to prevent,reaching,prevent,reaching,prevent,reach,False,False,VERB,advcl,VERB,pcomp,False,,False,,5.547673,9.450676,"[ 0.2388746  -0.3373188   0.7697429   1.1816744   0.23533665 -0.60236996
  0.50213736  0.15271755 -0.08464316 -0.2387229  -0.23381759 -0.11533785
  0.45842505 -0.06223473  0.8857418  -0.25679258 -0.3845264  -0.5009713
 -0.21043761  0.35462776  0.41160643 -0.22862332 -0.42494115 -0.7540795
 -0.6803231   0.17942162  0.5792276  -0.16657872  0.0439415  -0.17403643
 -0.65590435  1.5064029   0.09677082 -0.2545623   0.5075674  -0.23332298
 -0.4882977  -0.70806116  0.9276977   0.95669436  1.0834082   0.3233423
 -0.15444756 -0.15621637 -0.6046482  -0.36551094 -0.11024275  0.20981151
 -0.16365625  0.6984939  -0.02965655 -0.80517024 -0.71809787  0.4053544
 -0.15469451 -0.41334805 -0.18416065 -0.07659972  0.8567273   0.2361219
 -0.31688976 -0.02716892  0.4226664  -0.7071535  -0.4722121   0.37153006
  1.0047976  -0.74026203  0.24244666 -1.201289   -0.5604922   0.3764739
 -0.06076993 -0.9036293   0.12542267 -0.1309948  -0.26185745 -0.12013789
  0.6870292  -0.53111833  1.4801822  -0.10503467 -0.26285544  0.2762501
 -0.27044156 -0.7355895  -0.19040732 -0.26533732 -0.5492738   2.0313222
 -0.00942524  0.00710192 -0.21991032 -0.15104587  0.03182277 -0.17279534]","[-0.5082244  -0.06429271 -0.92593634  2.0895762   0.68401104 -0.9232427
  0.7575128   0.9598504  -1.0659332   0.42995977  0.78521705 -0.5776334
  1.785334   -0.300777    1.3967631  -0.36411616 -1.2909188  -0.707345
  0.4837228   1.7895417   1.1633254   0.3503      0.455359   -1.1972561
  0.8738177   0.44264638 -0.6589334   0.12599914 -0.7280011  -0.92039204
  0.13263416  1.056288   -0.08237413 -0.5108212  -0.01018092 -0.47209015
 -1.0978619  -0.50019854 -0.48897448  3.60664     2.6060472  -0.9763062
  1.3533223  -0.5457178  -0.78028524 -0.80063176 -0.6894593  -0.2521731
 -0.28398752  1.7153995  -0.45572728  0.3663625  -1.1608918  -0.66447484
  0.32064563  0.48642194  0.54969215 -1.2117603   0.71072644 -0.18690431
 -1.0781621  -1.1879693   0.5744243  -0.16378367  0.4444117   0.23261973
  0.9814297  -0.06415416 -1.2100029  -1.1343645   0.02145237 -0.5021652
 -0.08924459 -0.13765728  0.8410296   0.2850668  -1.376375    1.0440971
 -0.08394232 -1.6731418   0.71407634 -0.27231595  0.96994567 -0.9753616
 -1.0030203  -0.95616025  0.21031013 -1.4382485  -0.16533293  2.2068386
  0.18036771  0.42351574  0.02818274  0.6001054  -0.13606541 -0.56851536]",62,65,69,70,0.333758,0.33202800000000005,0.5449999999999999,0.414,af1deb3d2cc3cd3c0c32159075f22446,af1deb3d2cc3cd3c0c32159075f22446__51__72
24,PRESENT,NORMAL,PRESENT,NORMAL,verb-object,reaching,agreement,reaching,agreement,reach,agreement,False,False,VERB,pcomp,NOUN,dobj,False,,False,,9.450676,7.2955937,"[-0.5082244  -0.06429271 -0.92593634  2.0895762   0.68401104 -0.9232427
  0.7575128   0.9598504  -1.0659332   0.42995977  0.78521705 -0.5776334
  1.785334   -0.300777    1.3967631  -0.36411616 -1.2909188  -0.707345
  0.4837228   1.7895417   1.1633254   0.3503      0.455359   -1.1972561
  0.8738177   0.44264638 -0.6589334   0.12599914 -0.7280011  -0.92039204
  0.13263416  1.056288   -0.08237413 -0.5108212  -0.01018092 -0.47209015
 -1.0978619  -0.50019854 -0.48897448  3.60664     2.6060472  -0.9763062
  1.3533223  -0.5457178  -0.78028524 -0.80063176 -0.6894593  -0.2521731
 -0.28398752  1.7153995  -0.45572728  0.3663625  -1.1608918  -0.66447484
  0.32064563  0.48642194  0.54969215 -1.2117603   0.71072644 -0.18690431
 -1.0781621  -1.1879693   0.5744243  -0.16378367  0.4444117   0.23261973
  0.9814297  -0.06415416 -1.2100029  -1.1343645   0.02145237 -0.5021652
 -0.08924459 -0.13765728  0.8410296   0.2850668  -1.376375    1.0440971
 -0.08394232 -1.6731418   0.71407634 -0.27231595  0.96994567 -0.9753616
 -1.0030203  -0.95616025  0.21031013 -1.4382485  -0.16533293  2.2068386
  0.18036771  0.42351574  0.02818274  0.6001054  -0.13606541 -0.56851536]","[-5.2890569e-01  8.1119734e-01 -1.3612765e-01  6.4354599e-02
  4.2612088e-01 -9.6355116e-01 -1.3755144e+00 -3.0493972e-01
 -6.5273452e-01  9.9966317e-01 -4.8260358e-01 -2.9725766e-01
 -4.4702953e-01 -7.0511782e-01  3.0888304e-01 -4.3536872e-01
 -3.9654347e-01 -2.4446845e-04 -2.6056945e-01  6.5986305e-01
  2.0175698e-01  5.1925069e-01  8.8290316e-01  8.4864187e-01
  3.7900481e-01  1.5252358e+00 -8.9789450e-01 -5.3170663e-01
  1.5673752e-01 -8.2958972e-01  1.6620723e+00 -1.0498593e+00
  8.0873215e-01  9.6510142e-02 -7.0242023e-01 -1.1532897e-01
 -2.8092831e-01  6.8620637e-02 -5.9201580e-01 -1.3639595e-01
 -9.4407237e-01 -1.3344846e+00  6.1431104e-01  1.5050812e+00
 -7.8497809e-01 -3.7520462e-01 -2.9170597e-01 -1.0379068e+00
  1.8685000e+00  7.2940791e-01 -1.0531518e+00  1.1883931e+00
 -5.8562428e-01 -1.3979195e-01  1.9092271e-01  7.1850371e-01
 -9.1096485e-01 -1.7022312e-01  1.4400445e-01 -1.4732647e+00
 -8.1131130e-02 -9.8107970e-01  4.3400234e-01 -3.7366375e-01
  3.6367214e-01 -3.0864322e-01  3.2025713e-01 -4.3610004e-01
  2.0106572e-01 -1.2977517e+00 -4.3295667e-01 -8.2420111e-02
  5.7239991e-01 -2.2607079e-01  1.0342422e-01 -5.8904088e-01
 -6.4564961e-01  1.1489615e+00  3.8691126e-02 -5.4258114e-01
  9.0268898e-01  5.7357037e-01  3.5491297e-01  6.9978994e-01
  1.5393512e+00 -7.1335918e-01  2.9721978e-01  3.4334379e-01
 -4.1960269e-02  6.3342971e-01 -8.6162370e-01  1.7052414e+00
 -9.6745378e-01  3.0154687e-01  5.8513403e-02 -1.8567616e-01]",69,70,70,71,0.6124,0.33202800000000005,1.0,0.414,af1deb3d2cc3cd3c0c32159075f22446,af1deb3d2cc3cd3c0c32159075f22446__51__72
25,PRESENT,NORMAL,PRESENT,NORMAL,subject-verb,generals,decide upon,generals,decide,general,decide,False,False,NOUN,nsubj,VERB,ccomp,False,,False,,7.315998,4.582893,"[ 0.46985435  1.338964    0.77357656 -0.68701375 -0.6429665   0.06291835
 -0.45408642 -0.81586206 -0.07300937 -0.5854628  -0.2996084   0.02430918
 -0.80090344 -0.8896678  -0.2779623  -0.12933767 -0.49618512  0.36216897
 -1.2317698   0.36229312 -1.1101558   0.43984494  1.6064308  -0.47363287
  0.32834506 -0.369937   -0.30123124 -0.7441839   0.41185194 -0.56876636
  0.9907433   0.27545756 -0.39119816 -0.12748228 -0.22842371 -1.066808
  0.17454317 -0.35636842 -0.50000715 -1.2490191   0.98920095 -0.05651844
  0.422185    0.45316237 -0.6833071  -0.25238073  1.0519662   0.09916268
  2.2917514  -1.0831287  -1.314394    1.0958889  -0.776275   -0.57354414
  0.485726    1.7400899  -0.33527794 -0.6554451  -0.9540403  -0.38169152
  2.2161188   0.01878253  0.49375728  0.4193501  -0.05397773 -0.17886707
  0.19403306 -0.06939501 -0.30081657 -1.1994962   0.88595736 -0.650876
  0.9276682   0.42799848 -0.56089723 -0.8624883  -0.18552598 -0.223378
  0.00519237  0.32461342 -0.6167104  -0.01191539 -0.6563544   0.98337954
  0.57411146 -0.26026952  0.43869716 -0.990781    0.6622627   0.5536938
  0.8394222   0.8641094   0.75872326 -0.36170188 -0.5227444  -0.19424741]","[ 0.7093473  -0.02416525 -0.24908891  0.14442047  0.12013507  0.22076614
  0.4916939  -0.18313432  0.40352485 -0.85249555 -0.73651123  0.77051985
  0.06426039 -0.02487404  0.30511722  0.30602258  0.13821006 -0.6167527
  0.0913496   0.06257629 -0.303904   -0.37661612 -0.6688385  -1.039808
 -0.06673321  0.29577523  0.04337689 -0.21061859  0.20641252 -0.44924334
 -0.508148    0.5491433  -0.45985693  0.47899213  0.42434922 -0.57235557
  0.81162614 -0.00570678  0.69387543  0.0698241  -0.7962065  -0.3452922
 -0.42793512  0.25153238  0.24175741 -0.18452668 -0.3461715  -0.1096664
 -0.1829745  -0.03950369  0.43497342 -0.01861992 -0.61585975 -0.04996723
 -0.24827534 -0.8867972  -0.23832697 -0.34519652 -0.24422769  0.31133556
  0.2733794  -0.05769816 -0.4291154   0.08081692  0.43599957  0.699318
 -0.32642418 -0.34561986 -0.17161691 -0.24745043 -0.40839493 -0.13014543
  0.20083624 -0.17715196 -0.06790756  0.0539064   0.77671015  0.34354037
 -0.24845687 -0.1291185   0.16009468 -0.16184884  0.47768867 -0.32944122
 -0.69523793 -0.19586004 -0.13084438 -0.72679055 -0.6853524   2.0604944
  0.49485865  0.49832878  0.09525204 -0.23110424 -0.06360184  0.76236844]",75,76,76,78,0.0,0.1763272,0.0,0.259,af1deb3d2cc3cd3c0c32159075f22446,af1deb3d2cc3cd3c0c32159075f22446__72__93
26,PRESENT,NORMAL,PRESENT,NORMAL,description,generals,loyal,generals,loyal,general,loyal,False,False,NOUN,nsubj,ADJ,amod,False,,False,,7.315998,7.1037264,"[ 0.46985435  1.338964    0.77357656 -0.68701375 -0.6429665   0.06291835
 -0.45408642 -0.81586206 -0.07300937 -0.5854628  -0.2996084   0.02430918
 -0.80090344 -0.8896678  -0.2779623  -0.12933767 -0.49618512  0.36216897
 -1.2317698   0.36229312 -1.1101558   0.43984494  1.6064308  -0.47363287
  0.32834506 -0.369937   -0.30123124 -0.7441839   0.41185194 -0.56876636
  0.9907433   0.27545756 -0.39119816 -0.12748228 -0.22842371 -1.066808
  0.17454317 -0.35636842 -0.50000715 -1.2490191   0.98920095 -0.05651844
  0.422185    0.45316237 -0.6833071  -0.25238073  1.0519662   0.09916268
  2.2917514  -1.0831287  -1.314394    1.0958889  -0.776275   -0.57354414
  0.485726    1.7400899  -0.33527794 -0.6554451  -0.9540403  -0.38169152
  2.2161188   0.01878253  0.49375728  0.4193501  -0.05397773 -0.17886707
  0.19403306 -0.06939501 -0.30081657 -1.1994962   0.88595736 -0.650876
  0.9276682   0.42799848 -0.56089723 -0.8624883  -0.18552598 -0.223378
  0.00519237  0.32461342 -0.6167104  -0.01191539 -0.6563544   0.98337954
  0.57411146 -0.26026952  0.43869716 -0.990781    0.6622627   0.5536938
  0.8394222   0.8641094   0.75872326 -0.36170188 -0.5227444  -0.19424741]","[-0.7150372   0.72245884 -0.15981087 -1.1720579   0.65253115  0.3969496
 -1.2747402   0.8414539   0.21098885  0.24067064  0.6390713  -0.6347393
  0.69366825  0.62894356  0.03591242 -1.2113588  -0.4563262   0.04135042
  1.6047714   1.375468   -0.44323358  0.1813209  -0.2267529  -0.15282752
 -0.39306095 -0.84888256 -0.44841024  1.1957891  -0.414505   -0.06663743
 -0.51731193 -0.39036173  0.15373829 -0.73620534 -1.0094109   0.59489685
 -0.38508242 -0.26517352 -0.31054932  0.49460813 -0.5826031  -0.2741219
  0.63218725 -0.38223043 -0.16329582  0.3614761   0.2639114  -0.27197257
  1.8223541  -0.17312597  1.2281716  -0.20834908 -0.8152573  -0.9049728
  0.12526497  0.67989993 -0.3206641  -0.4496191  -0.15882969  0.6851666
  0.33422422 -0.42649555  1.2538364   1.0875473   0.14055698 -0.3502438
  1.3865218  -0.88959527  0.6430622  -0.6266992  -0.8993168  -0.631999
 -0.4038935   0.30946773  0.7298424  -0.11116885  0.5966267  -0.6889639
  0.36697847 -0.16264217  0.24636726  0.07250956 -0.90045714  0.46889356
 -0.41880488 -1.2246605  -0.45018572 -1.3120944  -0.9303408   0.3928533
  1.1538099  -0.23483428  2.0566003   1.1136214  -0.079622   -0.23356098]",75,76,74,75,0.3603852,0.1763272,0.756,0.259,af1deb3d2cc3cd3c0c32159075f22446,af1deb3d2cc3cd3c0c32159075f22446__72__93
27,PRESENT,NORMAL,PRESENT,NORMAL,verb-object,decide upon,plan,decide,plan,decide,plan,False,False,VERB,ccomp,NOUN,pobj,False,,False,,4.582893,6.513481,"[ 0.7093473  -0.02416525 -0.24908891  0.14442047  0.12013507  0.22076614
  0.4916939  -0.18313432  0.40352485 -0.85249555 -0.73651123  0.77051985
  0.06426039 -0.02487404  0.30511722  0.30602258  0.13821006 -0.6167527
  0.0913496   0.06257629 -0.303904   -0.37661612 -0.6688385  -1.039808
 -0.06673321  0.29577523  0.04337689 -0.21061859  0.20641252 -0.44924334
 -0.508148    0.5491433  -0.45985693  0.47899213  0.42434922 -0.57235557
  0.81162614 -0.00570678  0.69387543  0.0698241  -0.7962065  -0.3452922
 -0.42793512  0.25153238  0.24175741 -0.18452668 -0.3461715  -0.1096664
 -0.1829745  -0.03950369  0.43497342 -0.01861992 -0.61585975 -0.04996723
 -0.24827534 -0.8867972  -0.23832697 -0.34519652 -0.24422769  0.31133556
  0.2733794  -0.05769816 -0.4291154   0.08081692  0.43599957  0.699318
 -0.32642418 -0.34561986 -0.17161691 -0.24745043 -0.40839493 -0.13014543
  0.20083624 -0.17715196 -0.06790756  0.0539064   0.77671015  0.34354037
 -0.24845687 -0.1291185   0.16009468 -0.16184884  0.47768867 -0.32944122
 -0.69523793 -0.19586004 -0.13084438 -0.72679055 -0.6853524   2.0604944
  0.49485865  0.49832878  0.09525204 -0.23110424 -0.06360184  0.76236844]","[-0.19301867  0.61828166  0.79918206  0.8029974   0.46517566  0.10422659
 -0.6376071  -0.3150702   0.37214184  0.00798962 -0.5254396  -0.8330532
  0.24144684  0.06366739  0.1591323   0.87634814  0.04725197 -0.72559583
  0.03139784  0.5425166  -0.48399103 -0.5245975   1.077694    1.4186046
  0.36213908  0.16998771 -0.65621096 -1.2102851  -0.20034449  0.31670797
  0.39021197 -0.6954222   0.5833104  -0.39371166  0.1805916  -1.1469004
 -0.5785391  -1.054266   -0.63356143  1.2417415  -1.5151248  -0.17910397
 -0.31085896  1.7300365  -0.6726402  -0.5386976  -0.08276623 -0.16295569
  2.1615458  -0.2312824  -0.12277669 -0.3954227  -0.42842692 -0.75565565
 -0.3774849   0.7698267  -0.80596685 -0.28014487 -0.46186972 -0.42364654
  0.5341265  -0.43586776  0.6090552  -0.22882862  0.1947702  -0.22116068
 -0.36280632 -0.8154068  -0.51638174  0.5342691   0.04833904  0.30836755
 -0.4753446   0.12346259  0.15063006 -0.051544   -0.48361105  0.36969137
  0.16100019 -1.0611899   2.1686366  -0.43336183 -0.2822799   0.08572872
  0.6194588  -0.23007762  0.14793885 -0.68252575 -0.45066935  0.1699625
 -0.4361788   0.9396099  -0.11691158 -0.45198876  0.31743956 -0.07350905]",76,78,80,81,0.0,0.1763272,0.0,0.259,af1deb3d2cc3cd3c0c32159075f22446,af1deb3d2cc3cd3c0c32159075f22446__72__93
28,PRESENT,NORMAL,PRESENT,NORMAL,description,plan,same,plan,same,plan,same,False,False,NOUN,pobj,ADJ,amod,False,,False,,6.513481,8.847486,"[-0.19301867  0.61828166  0.79918206  0.8029974   0.46517566  0.10422659
 -0.6376071  -0.3150702   0.37214184  0.00798962 -0.5254396  -0.8330532
  0.24144684  0.06366739  0.1591323   0.87634814  0.04725197 -0.72559583
  0.03139784  0.5425166  -0.48399103 -0.5245975   1.077694    1.4186046
  0.36213908  0.16998771 -0.65621096 -1.2102851  -0.20034449  0.31670797
  0.39021197 -0.6954222   0.5833104  -0.39371166  0.1805916  -1.1469004
 -0.5785391  -1.054266   -0.63356143  1.2417415  -1.5151248  -0.17910397
 -0.31085896  1.7300365  -0.6726402  -0.5386976  -0.08276623 -0.16295569
  2.1615458  -0.2312824  -0.12277669 -0.3954227  -0.42842692 -0.75565565
 -0.3774849   0.7698267  -0.80596685 -0.28014487 -0.46186972 -0.42364654
  0.5341265  -0.43586776  0.6090552  -0.22882862  0.1947702  -0.22116068
 -0.36280632 -0.8154068  -0.51638174  0.5342691   0.04833904  0.30836755
 -0.4753446   0.12346259  0.15063006 -0.051544   -0.48361105  0.36969137
  0.16100019 -1.0611899   2.1686366  -0.43336183 -0.2822799   0.08572872
  0.6194588  -0.23007762  0.14793885 -0.68252575 -0.45066935  0.1699625
 -0.4361788   0.9396099  -0.11691158 -0.45198876  0.31743956 -0.07350905]","[-1.4095093   0.8283625  -0.27940434 -0.49536487  0.49918708 -0.6323029
 -0.21031684  1.0914598   0.01591644  1.3011643   1.2008702   0.00716533
  0.09951998 -0.05755134  0.78596485 -0.60642207  0.4470876  -0.16868287
  2.2026265   0.14183398 -0.62442714 -0.14904729 -0.6389152   0.59639096
 -0.05023047 -1.026479    0.1036343   0.61967033 -0.51991     0.61239964
  0.50680333  0.13822371  0.02560721 -0.4084443   1.0508355   1.3664861
 -0.2801276   0.60743177 -0.6443569   0.9331401  -0.9698936  -1.2313154
  1.2964185   0.07313269 -1.0386457   2.051887   -0.31726333 -0.324336
  0.22302185  0.41155642  0.9692688  -0.4400661  -1.105188   -0.4476791
 -0.4285854   0.9893359  -0.2428279  -0.17339271 -1.0795009   0.23664047
  1.0375772  -1.0044402   2.7281876   0.10420129  1.5315268  -0.8014872
 -0.04628551 -1.5702319  -0.8852095  -0.6489887  -0.3291577  -0.31173375
 -0.3548154   0.11733112  1.6106852  -0.23243213 -0.603462   -0.19993228
  0.5018711  -1.4609987  -0.27651092  0.05496982 -0.38866127  0.77910364
 -0.5795722  -0.56278336 -1.3193849  -0.43578878 -0.57722163 -0.34290653
  2.8696475   0.8865202   1.7467617  -0.49523672 -1.5217711  -0.6075562 ]",80,81,79,80,0.0,0.1763272,0.0,0.259,af1deb3d2cc3cd3c0c32159075f22446,af1deb3d2cc3cd3c0c32159075f22446__72__93
29,PRESENT,NORMAL,PRESENT,NORMAL,noun-noun,plan,action,plan,action,plan,action,False,False,NOUN,pobj,NOUN,pobj,False,,False,,6.513481,6.9732027,"[-0.19301867  0.61828166  0.79918206  0.8029974   0.46517566  0.10422659
 -0.6376071  -0.3150702   0.37214184  0.00798962 -0.5254396  -0.8330532
  0.24144684  0.06366739  0.1591323   0.87634814  0.04725197 -0.72559583
  0.03139784  0.5425166  -0.48399103 -0.5245975   1.077694    1.4186046
  0.36213908  0.16998771 -0.65621096 -1.2102851  -0.20034449  0.31670797
  0.39021197 -0.6954222   0.5833104  -0.39371166  0.1805916  -1.1469004
 -0.5785391  -1.054266   -0.63356143  1.2417415  -1.5151248  -0.17910397
 -0.31085896  1.7300365  -0.6726402  -0.5386976  -0.08276623 -0.16295569
  2.1615458  -0.2312824  -0.12277669 -0.3954227  -0.42842692 -0.75565565
 -0.3774849   0.7698267  -0.80596685 -0.28014487 -0.46186972 -0.42364654
  0.5341265  -0.43586776  0.6090552  -0.22882862  0.1947702  -0.22116068
 -0.36280632 -0.8154068  -0.51638174  0.5342691   0.04833904  0.30836755
 -0.4753446   0.12346259  0.15063006 -0.051544   -0.48361105  0.36969137
  0.16100019 -1.0611899   2.1686366  -0.43336183 -0.2822799   0.08572872
  0.6194588  -0.23007762  0.14793885 -0.68252575 -0.45066935  0.1699625
 -0.4361788   0.9396099  -0.11691158 -0.45198876  0.31743956 -0.07350905]","[ 0.330028    1.9769449  -0.5249457  -0.01072054  0.2374836  -0.5090478
 -0.598562   -1.156524   -0.4735058   0.6372385  -0.52755785 -1.1394979
 -0.01874283  0.41369742  0.05157858  0.37879112 -0.67990917 -0.40013513
  0.5810212  -0.98743075 -0.8767868   0.7500233   0.75123096  1.1015157
  1.0386024   0.5074636  -0.7290477  -0.72047156 -0.43838972 -0.671194
  1.4323591  -0.4693842   0.81313264  0.8771292   0.20098144 -0.56145847
 -0.43290657 -0.18931833  0.3126607   0.26072228 -1.1740279  -0.41325665
  0.08275971  0.5754725  -0.11901671 -0.9660808   0.17970589 -0.84707564
  2.3767781   0.39927536 -0.00447668  0.8445208   0.1515234  -0.7027283
  0.36402875  0.5994337   0.01031718  0.25050485 -0.32915384 -1.0292716
 -0.72584593 -0.66495985  0.31983387 -0.9464687  -0.30374098  0.28091094
 -0.19039178  0.03675999  0.13273473 -1.6881905   0.22436607 -0.1355023
 -0.63944376 -0.48336858 -0.23798108  0.02574062 -1.0524477   0.6128793
 -0.08854429 -1.0377691   1.1603233   1.3880326   0.1738539   0.5800666
 -0.06834209 -0.11270619 -0.54529876  0.33254594 -0.58707     0.7002976
 -0.08090022  0.8460806  -0.76770616  0.2948646   0.15747032  0.47637656]",80,81,82,83,0.0,0.1763272,0.0,0.259,af1deb3d2cc3cd3c0c32159075f22446,af1deb3d2cc3cd3c0c32159075f22446__72__93
30,PRESENT,NORMAL,PRESENT,NORMAL,subject-verb,generals,reach,generals,reach,general,reach,False,False,NOUN,nsubj,VERB,ROOT,False,,False,,6.5353093,7.3174105,"[ 0.33991557  1.2982346   0.26424864 -0.6534878  -0.53522354  0.11210638
 -0.36467618 -0.45189288  0.02990805 -0.67728686 -0.73773205 -0.3942257
 -0.35465533 -0.99040323 -0.53732276 -0.3913958  -0.705817   -0.29115131
 -0.69583917  0.7056317  -0.5519906   0.37440652  1.4767716   0.10586458
  0.2801239  -0.5073704  -0.11982642 -1.1202708   0.56309295 -0.3319334
  0.8666456  -0.00249679 -0.41982782 -0.06754574  0.02118143 -1.29247
  0.09015296 -0.44730902 -0.5373523  -0.87741256  0.6143005   0.45430136
 -0.02908121  0.50391114 -0.48286128 -0.4825899   0.42881694 -0.32839566
  1.552257   -1.066868   -0.9917563   0.54751813 -0.7170143  -0.8901
  0.5191592   1.2609782  -0.09962066 -0.36744136 -1.0951313   0.17297947
  2.198336    0.1328649   0.60618126  0.25430354 -0.0692445   0.31235996
 -0.71819353  0.55331445  0.2207424  -0.73593545  0.8864397  -0.02178496
  0.14800227  0.05893187 -0.6190896  -0.46998674 -0.6482594   0.4153934
  0.28494996  0.48520237 -0.7671484   0.6660377  -1.1073432   0.1767924
 -0.00425443  0.53911835  1.1399055  -0.7852069   0.613528    0.47880265
  0.9667618   0.6146217   0.42693233 -0.1540142  -0.24167578 -0.44241905]","[ 0.43559206  0.35836846  0.35058832  0.94781023  0.5367711  -0.60201627
  0.23189718  0.18768376 -0.28941384 -0.44661272 -0.1911681  -0.01552731
 -0.12405306 -0.07062533  1.2525232   1.5652753  -0.6636885  -1.1488075
 -1.2673566   0.8097585   0.30633357 -0.5005937   0.81523556 -0.535938
 -0.71403545  1.2831756  -0.5081944  -0.43407708 -1.0574455  -0.58488566
  0.5520816   0.65680003  0.2801317   0.41855794 -0.50022435 -1.2497005
 -0.64367616  1.1391925   0.78400207  1.4809026  -0.37751824 -0.47811437
  1.1598878   0.03699023 -0.81211215 -0.3569849  -0.4272449   0.23961847
 -0.18064874  1.0045403  -0.0203917  -0.30028337 -0.32025507 -0.77351546
 -1.0328393  -0.63497245  0.48525244  0.69559646  0.13569458  1.0361433
  0.45088783  0.48485744 -0.19198021 -0.7714461  -0.22100481  0.08445913
 -1.1174858  -0.6386725   0.11099168  0.0596655  -0.34176734  0.7935066
 -1.126434    0.32917672  0.5671067   0.68776083 -0.22835666  0.37080115
 -0.33315095 -1.2372931   0.08949146 -0.97901696 -0.6975286   0.00602284
  0.6312028  -0.4419535   1.4366934  -0.8706948  -1.2667302   2.5566742
 -1.2713803  -0.50205755 -0.11107004  0.08882151  0.00292106 -0.30981734]",96,97,100,101,-0.004049199999999999,0.23994559999999998,-0.212,0.09658320814242673,af1deb3d2cc3cd3c0c32159075f22446,af1deb3d2cc3cd3c0c32159075f22446__93__111
31,PRESENT,NORMAL,PRESENT,NORMAL,description,generals,loyal,generals,loyal,general,loyal,False,False,NOUN,nsubj,ADJ,amod,False,,False,,6.5353093,7.604896,"[ 0.33991557  1.2982346   0.26424864 -0.6534878  -0.53522354  0.11210638
 -0.36467618 -0.45189288  0.02990805 -0.67728686 -0.73773205 -0.3942257
 -0.35465533 -0.99040323 -0.53732276 -0.3913958  -0.705817   -0.29115131
 -0.69583917  0.7056317  -0.5519906   0.37440652  1.4767716   0.10586458
  0.2801239  -0.5073704  -0.11982642 -1.1202708   0.56309295 -0.3319334
  0.8666456  -0.00249679 -0.41982782 -0.06754574  0.02118143 -1.29247
  0.09015296 -0.44730902 -0.5373523  -0.87741256  0.6143005   0.45430136
 -0.02908121  0.50391114 -0.48286128 -0.4825899   0.42881694 -0.32839566
  1.552257   -1.066868   -0.9917563   0.54751813 -0.7170143  -0.8901
  0.5191592   1.2609782  -0.09962066 -0.36744136 -1.0951313   0.17297947
  2.198336    0.1328649   0.60618126  0.25430354 -0.0692445   0.31235996
 -0.71819353  0.55331445  0.2207424  -0.73593545  0.8864397  -0.02178496
  0.14800227  0.05893187 -0.6190896  -0.46998674 -0.6482594   0.4153934
  0.28494996  0.48520237 -0.7671484   0.6660377  -1.1073432   0.1767924
 -0.00425443  0.53911835  1.1399055  -0.7852069   0.613528    0.47880265
  0.9667618   0.6146217   0.42693233 -0.1540142  -0.24167578 -0.44241905]","[-1.0062579   0.19996443 -0.54222196 -0.5713592   0.21962544  0.06222349
 -1.4777365   1.34989     0.4255594   0.5116395   0.38121325 -0.9603247
  0.7387545   0.51620495 -0.04968569 -0.67507577 -0.39625403 -0.09020132
  1.3699439   0.9212959  -0.4648334  -0.43543577  0.30331331  0.25925642
 -0.5985949  -0.425533   -0.45867354  1.8058574  -0.5299269  -0.03321666
  0.02392274 -1.01216     0.12811252 -0.00499682 -1.4730297   0.14048615
 -0.49083847 -0.5228974  -0.35144737  1.363323   -0.37687063  0.11793998
  0.6983842  -0.24480456  0.1821639   1.053505    1.2981368  -0.24431774
  1.2402953  -0.08388531  0.68070203 -0.5784426  -0.7058437  -1.4445498
 -0.49911812  1.0221106  -0.74028695  0.43311727  0.0981447   1.6426339
 -0.855697    0.24938919  0.5318835   0.21022642  0.07653214 -1.0667602
  0.9055506  -1.2089809   0.98826426 -0.36762226 -0.7168511  -0.3121745
 -0.04742877  0.3396651   0.959618    0.7510562   0.5838935   0.4722355
  1.2469517  -0.12256658 -0.17338231 -0.36387312 -0.8868643   0.17371096
 -0.3702703  -1.0688449  -0.47194025 -1.4509002  -1.0119264   0.1083253
  0.5742901  -0.8164778   2.3092368   0.43847597  0.5505308  -0.36926442]",96,97,95,96,0.3603852,0.23994559999999998,0.756,0.09658320814242673,af1deb3d2cc3cd3c0c32159075f22446,af1deb3d2cc3cd3c0c32159075f22446__93__111
32,PRESENT,NORMAL,PRESENT,NORMAL,description,not,only,not,only,not,only,False,False,PART,preconj,ADV,advmod,False,,False,,11.2036085,9.855015,"[-0.7823185  -1.1990718   2.6273196  -0.99046874  1.664372   -0.3394769
  0.32238185 -0.90155363 -0.5576023   0.06939107 -1.1890128  -0.8890926
 -0.4834776   0.7231114  -0.9224406  -0.29881263  0.47836608 -1.0698678
  0.3724116  -0.5021992   2.789361    0.815838   -0.88631123  1.5450591
  0.3700201  -0.43305582  0.16898677 -0.40045735 -0.21354607  0.8749446
  0.2867791   0.5763551  -0.43917346 -0.7213949  -0.87749517 -1.2008986
 -0.6221637  -0.9777419   0.08964986 -1.7421297   1.3309556   0.1180714
  1.2938412  -0.5705578   0.589391   -0.660589   -0.47461116 -1.3430321
  0.87232614  1.7134433   2.8120341  -1.398905   -0.0480884   1.336992
 -0.95519805 -0.62391454  2.0553355  -0.5188147  -0.11424774  0.3266304
 -1.028758   -0.9583124  -0.8301798   1.4249448  -1.2946589  -2.2090652
 -0.8147725  -0.74147177 -0.28493175 -0.7098737  -0.4864766   1.3588437
  1.5146893   2.5183825   0.6356234  -0.6358501  -1.0165138  -1.5545075
 -0.82333684  0.06253332  0.7714923  -1.3158869   0.8827783   0.36927825
  0.64742345 -0.39683396  0.2150231   4.3274183   0.36813593 -1.4460382
  0.17578948  1.2782171  -0.64197457 -0.13553633  0.8280571   0.9801219 ]","[-0.99020255  0.2728092   2.1495059  -1.3098582   1.1270264  -0.03559002
 -0.06433487 -0.75521946  0.1250462  -0.4081836   1.3902006  -0.424685
 -0.9132664   0.13990627  0.10859811  0.07289816 -1.0535144  -0.15097845
 -1.2322193  -0.5185428  -0.46519622  0.9995456  -1.1522152  -1.9746575
 -0.6292412   0.85700065 -0.09409381  1.7675831   0.7573284   0.66498244
  0.29113042 -0.8417715  -0.08010556  0.37224215 -0.80768096  0.40065283
  1.3908205   0.2434076   0.36449498 -1.0331156  -0.12654945  2.0592656
  2.0127652  -0.8217838  -1.3346875  -0.1633442   1.4592777  -1.4351387
  0.670046    0.22606951  2.1524475  -1.3910284   1.3281664  -1.1490834
 -1.5006264  -0.9448139   0.6793642   1.0406884  -0.08632079  0.47946364
 -0.84835255 -1.0536042   0.35178816 -0.19757363  1.5240967  -1.3036677
 -1.0147655  -0.4998565  -0.8692978   0.15659523 -0.67692554 -0.33174503
  1.9936564   0.96655285  2.849165   -0.1828874  -0.6430768  -1.3646712
 -0.9085543  -0.9040159   0.3373237   0.62662446 -0.2820052   0.6709106
  0.19559354 -1.4862769   0.22827363  1.5148823  -0.609491   -0.7931125
  0.55584437  1.4827527  -0.23206717  0.04976833  0.37645808 -0.3379818 ]",98,99,99,100,0.0,0.23994559999999998,0.0,0.09658320814242673,af1deb3d2cc3cd3c0c32159075f22446,af1deb3d2cc3cd3c0c32159075f22446__93__111
33,PRESENT,NORMAL,PRESENT,NORMAL,verb-object,reach,agreement,reach,agreement,reach,agreement,False,False,VERB,ROOT,NOUN,dobj,False,,False,,7.3174105,6.2783456,"[ 0.43559206  0.35836846  0.35058832  0.94781023  0.5367711  -0.60201627
  0.23189718  0.18768376 -0.28941384 -0.44661272 -0.1911681  -0.01552731
 -0.12405306 -0.07062533  1.2525232   1.5652753  -0.6636885  -1.1488075
 -1.2673566   0.8097585   0.30633357 -0.5005937   0.81523556 -0.535938
 -0.71403545  1.2831756  -0.5081944  -0.43407708 -1.0574455  -0.58488566
  0.5520816   0.65680003  0.2801317   0.41855794 -0.50022435 -1.2497005
 -0.64367616  1.1391925   0.78400207  1.4809026  -0.37751824 -0.47811437
  1.1598878   0.03699023 -0.81211215 -0.3569849  -0.4272449   0.23961847
 -0.18064874  1.0045403  -0.0203917  -0.30028337 -0.32025507 -0.77351546
 -1.0328393  -0.63497245  0.48525244  0.69559646  0.13569458  1.0361433
  0.45088783  0.48485744 -0.19198021 -0.7714461  -0.22100481  0.08445913
 -1.1174858  -0.6386725   0.11099168  0.0596655  -0.34176734  0.7935066
 -1.126434    0.32917672  0.5671067   0.68776083 -0.22835666  0.37080115
 -0.33315095 -1.2372931   0.08949146 -0.97901696 -0.6975286   0.00602284
  0.6312028  -0.4419535   1.4366934  -0.8706948  -1.2667302   2.5566742
 -1.2713803  -0.50205755 -0.11107004  0.08882151  0.00292106 -0.30981734]","[-0.31480327  1.0249468  -0.5204729   0.52990407 -0.13450979 -0.75156844
 -0.6639396  -0.15254661 -0.85915893  0.51142436 -0.82704115 -0.2863152
 -0.23386548 -0.459832    0.0565311  -0.08805335 -0.3965764   0.07993571
 -0.54693806 -0.5541831   0.15000533  0.1649474   0.41266435  0.569365
  0.92500854  0.9288213  -1.2257698  -0.51666325  0.4066792  -0.73510563
  0.96824396 -0.3811372   0.54196334 -0.27729905 -0.19693542  0.20526144
 -0.43061396 -0.27037773 -0.13822865  0.4840287  -0.57818353 -1.0362196
  0.66620064  1.0985461  -0.8983233   0.21390411 -0.12196648 -0.7891149
  1.529417    0.9622048  -0.3192671   1.4303193   0.5440525  -0.34114203
  0.01311299  0.01010124  0.21445379  0.37175423 -0.03215669 -0.8892341
  0.1398046  -0.45937598  0.58381927 -0.07094418  0.22679299 -0.263989
  0.0841341  -1.1348283  -0.14787957 -1.0955074  -0.5736859   0.30360365
 -0.19263129 -0.10576168 -0.6005987  -0.6397121  -0.449324    1.6793187
  0.15009478 -0.52505696  0.75401205  0.38448727 -0.14923456  0.5040153
  1.0127814  -0.3452723  -0.28246436 -0.660233   -1.0136286   0.17107305
 -0.9876239   1.4313154  -0.6781458   0.74682873  0.3669825   0.24838024]",100,101,101,102,0.5106,0.23994559999999998,1.0,0.09658320814242673,af1deb3d2cc3cd3c0c32159075f22446,af1deb3d2cc3cd3c0c32159075f22446__93__111
34,PRESENT,NORMAL,PRESENT,NORMAL,verb-object,agree upon,plan,agree,plan,agree,plan,False,False,VERB,conj,NOUN,pobj,False,,False,,4.9201713,6.623751,"[ 0.45360574  0.59019774  0.40907347 -0.19272879  0.19708037 -0.17897063
  0.4529633   0.39532572  0.37246072 -0.828627   -0.8733876   0.44397473
  0.94255364 -0.09384986  0.16865638  0.08754161  0.01526445 -0.47532275
 -0.50692266 -0.1269515  -0.37864485 -0.04229364 -0.02171433 -0.89277077
 -0.67025256  0.73017377  0.14779946 -0.47828618  0.24307638 -0.6293362
 -0.53073585  0.9915787  -0.619399   -0.01039095  0.253932   -0.8880079
  0.5230214   0.26730156  0.95637304  0.12756468 -0.2705581  -0.47575095
 -0.22915874 -0.3117264  -0.690003   -0.2722328  -1.2691925  -0.32406917
  0.10503361  0.45032817  0.33818012 -0.5905458   0.1496839   0.7565557
  0.10414906 -0.7829749  -0.66576433 -0.27224284  0.14889802  0.70711064
  0.5831989  -0.17804842  0.05010691 -0.58979976  0.20634985 -0.02206361
 -0.60797495 -0.11026818 -0.46822116 -0.16382438 -0.02102343  0.14756277
 -0.457127    0.02182815  0.4020127   0.26254502  0.39438885 -0.22852278
 -0.14039479 -0.23995784  0.10342112  0.00912887  0.44857356 -0.59393334
 -0.21275371 -0.42676997 -0.24327883 -0.5073351  -0.23856312  1.686515
  0.05378175  0.39941853 -0.24121682  0.01810896  0.0934456   1.1663582 ]","[ 0.54393727  0.55528516  0.07159886  1.6311116   0.13237832  0.2603624
 -1.2216054   0.26189938  0.01359391  0.6504481  -0.617733   -0.52389014
  0.47010118 -0.88396376 -0.08291171  0.25449312  0.08876222 -0.5489534
 -0.50342727  0.65499634  0.54304945 -0.1206428   0.48353574  1.0616927
 -0.07628551  0.5083821  -1.0688204  -1.267638   -0.48958293  0.01506519
  0.82263327 -1.0852746   1.5541701   0.01219273 -0.0662701  -0.45931178
 -0.27933326 -0.17732441 -0.07459551  0.89193565 -1.0241238  -0.08454248
  0.06243231  1.5517348  -1.4451165  -0.27312022  0.17274007  0.10070357
  2.1139696  -0.11866856 -0.2907019  -0.04520345 -0.45123154 -0.7374429
 -0.18167946  0.42749685 -0.8344929  -0.47710282 -0.24981552 -0.8776336
  0.03399639 -0.5089306   0.8577245  -0.77581084  0.0598238  -0.29299626
  0.09463733 -0.63572884 -0.5380097  -0.7526304   0.29627612  0.34809816
 -0.34500992 -0.36819375 -0.02081418 -0.9849044  -0.7624931   1.2200378
  0.17606512 -0.8244673   1.1478491   0.3901912  -0.00856031  0.36500138
  0.749169   -0.47157165  0.39026225 -0.50049293 -0.76373947 -0.25380278
 -0.9835605   0.76547754  0.17069072  0.2647653   0.49314037 -0.17043169]",105,107,109,110,0.164346,0.23994559999999998,0.455,0.09658320814242673,af1deb3d2cc3cd3c0c32159075f22446,af1deb3d2cc3cd3c0c32159075f22446__93__111
35,PRESENT,NORMAL,PRESENT,NORMAL,description,plan,reasonable,plan,reasonable,plan,reasonable,False,False,NOUN,pobj,ADJ,amod,False,,False,,6.623751,8.789185,"[ 0.54393727  0.55528516  0.07159886  1.6311116   0.13237832  0.2603624
 -1.2216054   0.26189938  0.01359391  0.6504481  -0.617733   -0.52389014
  0.47010118 -0.88396376 -0.08291171  0.25449312  0.08876222 -0.5489534
 -0.50342727  0.65499634  0.54304945 -0.1206428   0.48353574  1.0616927
 -0.07628551  0.5083821  -1.0688204  -1.267638   -0.48958293  0.01506519
  0.82263327 -1.0852746   1.5541701   0.01219273 -0.0662701  -0.45931178
 -0.27933326 -0.17732441 -0.07459551  0.89193565 -1.0241238  -0.08454248
  0.06243231  1.5517348  -1.4451165  -0.27312022  0.17274007  0.10070357
  2.1139696  -0.11866856 -0.2907019  -0.04520345 -0.45123154 -0.7374429
 -0.18167946  0.42749685 -0.8344929  -0.47710282 -0.24981552 -0.8776336
  0.03399639 -0.5089306   0.8577245  -0.77581084  0.0598238  -0.29299626
  0.09463733 -0.63572884 -0.5380097  -0.7526304   0.29627612  0.34809816
 -0.34500992 -0.36819375 -0.02081418 -0.9849044  -0.7624931   1.2200378
  0.17606512 -0.8244673   1.1478491   0.3901912  -0.00856031  0.36500138
  0.749169   -0.47157165  0.39026225 -0.50049293 -0.76373947 -0.25380278
 -0.9835605   0.76547754  0.17069072  0.2647653   0.49314037 -0.17043169]","[-1.4645936   1.834399    0.07294403 -0.5595679   0.1042037  -0.70340943
  0.16776195  1.2973825  -0.05356889  1.0214458   0.22172463  0.01809429
  0.33181497  0.80173033  0.02869228 -1.1695747   0.46836153 -0.35151377
  1.5915196   1.3658555  -0.2507311  -0.3367627   0.14684528  0.66630846
  0.62183183 -1.8138251  -1.2876449   1.0495079   0.07684682  0.2572644
 -0.2861119  -0.17049165  0.31003135  0.47141677 -0.4825134   0.87254864
 -0.38823426  0.577672    0.35729223  1.891783   -1.0454046  -1.0458852
  1.7904329  -1.32883    -0.7223884   1.7721539  -0.9217696  -0.28755218
  0.14764825  0.47254083  0.11540252 -0.42156106 -1.0741594  -0.915982
  0.42886293 -0.07740045  0.05858079 -0.52168673 -0.9343539   0.7556001
  0.3195366  -0.6655189   1.4390174   0.2643724   0.91579914 -0.7534559
  0.73664737 -1.4233065  -0.7426807  -0.51112694 -0.35897946 -0.16438165
 -0.63629603 -0.07178476  0.9446777  -0.5935112  -0.67659175 -1.2506422
  1.3651018  -1.3527466   0.43209368  0.07723492 -0.3103509   0.8864275
 -0.42243797 -0.32631347 -1.700276   -0.7251333  -0.59429216  0.1693005
  2.3014987   0.37895495  2.1085415   0.16215703 -1.1157471  -1.0366681 ]",109,110,108,109,0.0,0.23994559999999998,0.0,0.09658320814242673,af1deb3d2cc3cd3c0c32159075f22446,af1deb3d2cc3cd3c0c32159075f22446__93__111
